0.005875888;0.005875888;0.005875888;0.005875888;0.005875888;0.005875888;0.005875888;0.005875888;0.010751325;0.010751325;0.010751325;0.010751325;0.010751325;0.010751325;0.010751325;0.010751325;0.040328035;0.040328035;0.040328035;0.040328035;0.040328035;0.040328035;0.040328035;0.040328035;0.037467591;0.037467591;0.037467591;0.037467591;0.037467591;0.037467591;0.037467591;0.037467591;0.011737685;0.011737685;0.011737685;0.011737685;0.011737685;0.011737685;0.011737685;0.011737685;0.006340886;0.006340886;0.006340886;0.006340886;0.006340886;0.006340886;0.006340886;0.006340886;0.012498591;0.012498591;0.012498591;0.012498591;0.012498591;0.012498591;0.012498591;0.012498591
0.005209815;0.005209815;0.005209815;0.005209815;0.005209815;0.005209815;0.005209815;0.005209815;0.004071835;0.004071835;0.004071835;0.004071835;0.004071835;0.004071835;0.004071835;0.004071835;0.00794808;0.00794808;0.00794808;0.00794808;0.00794808;0.00794808;0.00794808;0.00794808;0.008285917;0.008285917;0.008285917;0.008285917;0.008285917;0.008285917;0.008285917;0.008285917;0.021123755;0.021123755;0.021123755;0.021123755;0.021123755;0.021123755;0.021123755;0.021123755;0.042852063;0.042852063;0.042852063;0.042852063;0.042852063;0.042852063;0.042852063;0.042852063;0.035508535;0.035508535;0.035508535;0.035508535;0.035508535;0.035508535;0.035508535;0.035508535
0.017000377;0.017000377;0.017000377;0.017000377;0.017000377;0.017000377;0.017000377;0.017000377;0.017781823;0.017781823;0.017781823;0.017781823;0.017781823;0.017781823;0.017781823;0.017781823;0.018980668;0.018980668;0.018980668;0.018980668;0.018980668;0.018980668;0.018980668;0.018980668;0.016774416;0.016774416;0.016774416;0.016774416;0.016774416;0.016774416;0.016774416;0.016774416;0.017204369;0.017204369;0.017204369;0.017204369;0.017204369;0.017204369;0.017204369;0.017204369;0.018936731;0.018936731;0.018936731;0.018936731;0.018936731;0.018936731;0.018936731;0.018936731;0.018321617;0.018321617;0.018321617;0.018321617;0.018321617;0.018321617;0.018321617;0.018321617
0.040934755;0.040934755;0.040934755;0.040934755;0.040934755;0.040934755;0.040934755;0.040934755;0.033021558;0.033021558;0.033021558;0.033021558;0.033021558;0.033021558;0.033021558;0.033021558;0.016696133;0.016696133;0.016696133;0.016696133;0.016696133;0.016696133;0.016696133;0.016696133;0.013452435;0.013452435;0.013452435;0.013452435;0.013452435;0.013452435;0.013452435;0.013452435;0.010208737;0.010208737;0.010208737;0.010208737;0.010208737;0.010208737;0.010208737;0.010208737;0.006965039;0.006965039;0.006965039;0.006965039;0.006965039;0.006965039;0.006965039;0.006965039;0.003721341;0.003721341;0.003721341;0.003721341;0.003721341;0.003721341;0.003721341;0.003721341
0.010818773;0.010818773;0.010818773;0.010818773;0.010818773;0.010818773;0.010818773;0.010818773;0.006806176;0.006806176;0.006806176;0.006806176;0.006806176;0.006806176;0.006806176;0.006806176;0.016507517;0.016507517;0.016507517;0.016507517;0.016507517;0.016507517;0.016507517;0.016507517;0.022450223;0.022450223;0.022450223;0.022450223;0.022450223;0.022450223;0.022450223;0.022450223;0.028748476;0.028748476;0.028748476;0.028748476;0.028748476;0.028748476;0.028748476;0.028748476;0.015745632;0.015745632;0.015745632;0.015745632;0.015745632;0.015745632;0.015745632;0.015745632;0.023923202;0.023923202;0.023923202;0.023923202;0.023923202;0.023923202;0.023923202;0.023923202
0.006473547;0.006473547;0.006473547;0.006473547;0.006473547;0.006473547;0.006473547;0.006473547;0.007917288;0.007917288;0.007917288;0.007917288;0.007917288;0.007917288;0.007917288;0.007917288;0.009337742;0.009337742;0.009337742;0.009337742;0.009337742;0.009337742;0.009337742;0.009337742;0.034416915;0.034416915;0.034416915;0.034416915;0.034416915;0.034416915;0.034416915;0.034416915;0.033392325;0.033392325;0.033392325;0.033392325;0.033392325;0.033392325;0.033392325;0.033392325;0.017185171;0.017185171;0.017185171;0.017185171;0.017185171;0.017185171;0.017185171;0.017185171;0.016277012;0.016277012;0.016277012;0.016277012;0.016277012;0.016277012;0.016277012;0.016277012
0.014460683;0.014460683;0.014460683;0.014460683;0.014460683;0.014460683;0.014460683;0.014460683;0.008671264;0.008671264;0.008671264;0.008671264;0.008671264;0.008671264;0.008671264;0.008671264;0.024032524;0.024032524;0.024032524;0.024032524;0.024032524;0.024032524;0.024032524;0.024032524;0.041838205;0.041838205;0.041838205;0.041838205;0.041838205;0.041838205;0.041838205;0.041838205;0.030593866;0.030593866;0.030593866;0.030593866;0.030593866;0.030593866;0.030593866;0.030593866;0.001775422;0.001775422;0.001775422;0.001775422;0.001775422;0.001775422;0.001775422;0.001775422;0.003628036;0.003628036;0.003628036;0.003628036;0.003628036;0.003628036;0.003628036;0.003628036
0.025008837;0.025008837;0.025008837;0.025008837;0.025008837;0.025008837;0.025008837;0.025008837;0.023263521;0.023263521;0.023263521;0.023263521;0.023263521;0.023263521;0.023263521;0.023263521;0.006075468;0.006075468;0.006075468;0.006075468;0.006075468;0.006075468;0.006075468;0.006075468;0.011620714;0.011620714;0.011620714;0.011620714;0.011620714;0.011620714;0.011620714;0.011620714;0.017276423;0.017276423;0.017276423;0.017276423;0.017276423;0.017276423;0.017276423;0.017276423;0.017320608;0.017320608;0.017320608;0.017320608;0.017320608;0.017320608;0.017320608;0.017320608;0.024434429;0.024434429;0.024434429;0.024434429;0.024434429;0.024434429;0.024434429;0.024434429
0.017893691;0.017893691;0.017893691;0.017893691;0.017893691;0.017893691;0.017893691;0.017893691;0.019669516;0.019669516;0.019669516;0.019669516;0.019669516;0.019669516;0.019669516;0.019669516;0.021084156;0.021084156;0.021084156;0.021084156;0.021084156;0.021084156;0.021084156;0.021084156;0.019684565;0.019684565;0.019684565;0.019684565;0.019684565;0.019684565;0.019684565;0.019684565;0.018917048;0.018917048;0.018917048;0.018917048;0.018917048;0.018917048;0.018917048;0.018917048;0.01721647;0.01721647;0.01721647;0.01721647;0.01721647;0.01721647;0.01721647;0.01721647;0.010534553;0.010534553;0.010534553;0.010534553;0.010534553;0.010534553;0.010534553;0.010534553
0.007518622;0.007518622;0.007518622;0.007518622;0.007518622;0.007518622;0.007518622;0.007518622;0.020041899;0.020041899;0.020041899;0.020041899;0.020041899;0.020041899;0.020041899;0.020041899;0.023975791;0.023975791;0.023975791;0.023975791;0.023975791;0.023975791;0.023975791;0.023975791;0.0216946;0.0216946;0.0216946;0.0216946;0.0216946;0.0216946;0.0216946;0.0216946;0.01820298;0.01820298;0.01820298;0.01820298;0.01820298;0.01820298;0.01820298;0.01820298;0.016224395;0.016224395;0.016224395;0.016224395;0.016224395;0.016224395;0.016224395;0.016224395;0.017341713;0.017341713;0.017341713;0.017341713;0.017341713;0.017341713;0.017341713;0.017341713
0.024399874;0.024399874;0.024399874;0.024399874;0.024399874;0.024399874;0.024399874;0.024399874;0.032493683;0.032493683;0.032493683;0.032493683;0.032493683;0.032493683;0.032493683;0.032493683;0.017668193;0.017668193;0.017668193;0.017668193;0.017668193;0.017668193;0.017668193;0.017668193;0.014272742;0.014272742;0.014272742;0.014272742;0.014272742;0.014272742;0.014272742;0.014272742;0.010600916;0.010600916;0.010600916;0.010600916;0.010600916;0.010600916;0.010600916;0.010600916;0.010995736;0.010995736;0.010995736;0.010995736;0.010995736;0.010995736;0.010995736;0.010995736;0.014568857;0.014568857;0.014568857;0.014568857;0.014568857;0.014568857;0.014568857;0.014568857
0.004375235;0.004375235;0.004375235;0.004375235;0.004375235;0.004375235;0.004375235;0.004375235;0.007621377;0.007621377;0.007621377;0.007621377;0.007621377;0.007621377;0.007621377;0.007621377;0.024871409;0.024871409;0.024871409;0.024871409;0.024871409;0.024871409;0.024871409;0.024871409;0.022817087;0.022817087;0.022817087;0.022817087;0.022817087;0.022817087;0.022817087;0.022817087;0.019727763;0.019727763;0.019727763;0.019727763;0.019727763;0.019727763;0.019727763;0.019727763;0.021374357;0.021374357;0.021374357;0.021374357;0.021374357;0.021374357;0.021374357;0.021374357;0.024212771;0.024212771;0.024212771;0.024212771;0.024212771;0.024212771;0.024212771;0.024212771
0.04820136;0.04820136;0.04820136;0.04820136;0.04820136;0.04820136;0.04820136;0.04820136;0.037837245;0.037837245;0.037837245;0.037837245;0.037837245;0.037837245;0.037837245;0.037837245;0.016725159;0.016725159;0.016725159;0.016725159;0.016725159;0.016725159;0.016725159;0.016725159;0.007046501;0.007046501;0.007046501;0.007046501;0.007046501;0.007046501;0.007046501;0.007046501;0.004935293;0.004935293;0.004935293;0.004935293;0.004935293;0.004935293;0.004935293;0.004935293;0.004414345;0.004414345;0.004414345;0.004414345;0.004414345;0.004414345;0.004414345;0.004414345;0.005840097;0.005840097;0.005840097;0.005840097;0.005840097;0.005840097;0.005840097;0.005840097
0.012224939;0.012224939;0.012224939;0.012224939;0.012224939;0.012224939;0.012224939;0.012224939;0.010849633;0.010849633;0.010849633;0.010849633;0.010849633;0.010849633;0.010849633;0.010849633;0.016809291;0.016809291;0.016809291;0.016809291;0.016809291;0.016809291;0.016809291;0.016809291;0.029187042;0.029187042;0.029187042;0.029187042;0.029187042;0.029187042;0.029187042;0.029187042;0.020731459;0.020731459;0.020731459;0.020731459;0.020731459;0.020731459;0.020731459;0.020731459;0.019305216;0.019305216;0.019305216;0.019305216;0.019305216;0.019305216;0.019305216;0.019305216;0.015892421;0.015892421;0.015892421;0.015892421;0.015892421;0.015892421;0.015892421;0.015892421
0.015036962;0.015036962;0.015036962;0.015036962;0.015036962;0.015036962;0.015036962;0.015036962;0.014952957;0.014952957;0.014952957;0.014952957;0.014952957;0.014952957;0.014952957;0.014952957;0.016549059;0.016549059;0.016549059;0.016549059;0.016549059;0.016549059;0.016549059;0.016549059;0.021505376;0.021505376;0.021505376;0.021505376;0.021505376;0.021505376;0.021505376;0.021505376;0.023941532;0.023941532;0.023941532;0.023941532;0.023941532;0.023941532;0.023941532;0.023941532;0.017977151;0.017977151;0.017977151;0.017977151;0.017977151;0.017977151;0.017977151;0.017977151;0.015036962;0.015036962;0.015036962;0.015036962;0.015036962;0.015036962;0.015036962;0.015036962
0.024568966;0.024568966;0.024568966;0.024568966;0.024568966;0.024568966;0.024568966;0.024568966;0.039568966;0.039568966;0.039568966;0.039568966;0.039568966;0.039568966;0.039568966;0.039568966;0.045258621;0.045258621;0.045258621;0.045258621;0.045258621;0.045258621;0.045258621;0.045258621;0.015603448;0.015603448;0.015603448;0.015603448;0.015603448;0.015603448;0.015603448;0.015603448;0;0;0;0;0;0;0;0;0;0;0;0;0;0;0;0;0;0;0;0;0;0;0;0
0.009314141;0.009314141;0.009314141;0.009314141;0.009314141;0.009314141;0.009314141;0.009314141;0.026248942;0.026248942;0.026248942;0.026248942;0.026248942;0.026248942;0.026248942;0.026248942;0.020903895;0.020903895;0.020903895;0.020903895;0.020903895;0.020903895;0.020903895;0.020903895;0.014870872;0.014870872;0.014870872;0.014870872;0.014870872;0.014870872;0.014870872;0.014870872;0.016193903;0.016193903;0.016193903;0.016193903;0.016193903;0.016193903;0.016193903;0.016193903;0.015558848;0.015558848;0.015558848;0.015558848;0.015558848;0.015558848;0.015558848;0.015558848;0.021909399;0.021909399;0.021909399;0.021909399;0.021909399;0.021909399;0.021909399;0.021909399
0.008668873;0.008668873;0.008668873;0.008668873;0.008668873;0.008668873;0.008668873;0.008668873;0.008668873;0.008668873;0.008668873;0.008668873;0.008668873;0.008668873;0.008668873;0.008668873;0.006715325;0.006715325;0.006715325;0.006715325;0.006715325;0.006715325;0.006715325;0.006715325;0.009252225;0.009252225;0.009252225;0.009252225;0.009252225;0.009252225;0.009252225;0.009252225;0.016835793;0.016835793;0.016835793;0.016835793;0.016835793;0.016835793;0.016835793;0.016835793;0.028706316;0.028706316;0.028706316;0.028706316;0.028706316;0.028706316;0.028706316;0.028706316;0.046152594;0.046152594;0.046152594;0.046152594;0.046152594;0.046152594;0.046152594;0.046152594
0.015710728;0.015710728;0.015710728;0.015710728;0.015710728;0.015710728;0.015710728;0.015710728;0.018134422;0.018134422;0.018134422;0.018134422;0.018134422;0.018134422;0.018134422;0.018134422;0.018683748;0.018683748;0.018683748;0.018683748;0.018683748;0.018683748;0.018683748;0.018683748;0.019013344;0.019013344;0.019013344;0.019013344;0.019013344;0.019013344;0.019013344;0.019013344;0.019722474;0.019722474;0.019722474;0.019722474;0.019722474;0.019722474;0.019722474;0.019722474;0.018600517;0.018600517;0.018600517;0.018600517;0.018600517;0.018600517;0.018600517;0.018600517;0.015134768;0.015134768;0.015134768;0.015134768;0.015134768;0.015134768;0.015134768;0.015134768
0.016544261;0.016544261;0.016544261;0.016544261;0.016544261;0.016544261;0.016544261;0.016544261;0.012716639;0.012716639;0.012716639;0.012716639;0.012716639;0.012716639;0.012716639;0.012716639;0.010666822;0.010666822;0.010666822;0.010666822;0.010666822;0.010666822;0.010666822;0.010666822;0.012221186;0.012221186;0.012221186;0.012221186;0.012221186;0.012221186;0.012221186;0.012221186;0.018861234;0.018861234;0.018861234;0.018861234;0.018861234;0.018861234;0.018861234;0.018861234;0.026079311;0.026079311;0.026079311;0.026079311;0.026079311;0.026079311;0.026079311;0.026079311;0.027910546;0.027910546;0.027910546;0.027910546;0.027910546;0.027910546;0.027910546;0.027910546
0.021673915;0.021673915;0.021673915;0.021673915;0.021673915;0.021673915;0.021673915;0.021673915;0.02251119;0.02251119;0.02251119;0.02251119;0.02251119;0.02251119;0.02251119;0.02251119;0.022586585;0.022586585;0.022586585;0.022586585;0.022586585;0.022586585;0.022586585;0.022586585;0.018570839;0.018570839;0.018570839;0.018570839;0.018570839;0.018570839;0.018570839;0.018570839;0.014963811;0.014963811;0.014963811;0.014963811;0.014963811;0.014963811;0.014963811;0.014963811;0.012896416;0.012896416;0.012896416;0.012896416;0.012896416;0.012896416;0.012896416;0.012896416;0.011797245;0.011797245;0.011797245;0.011797245;0.011797245;0.011797245;0.011797245;0.011797245
0.015051685;0.015051685;0.015051685;0.015051685;0.015051685;0.015051685;0.015051685;0.015051685;0.015934467;0.015934467;0.015934467;0.015934467;0.015934467;0.015934467;0.015934467;0.015934467;0.016915884;0.016915884;0.016915884;0.016915884;0.016915884;0.016915884;0.016915884;0.016915884;0.017606328;0.017606328;0.017606328;0.017606328;0.017606328;0.017606328;0.017606328;0.017606328;0.018079776;0.018079776;0.018079776;0.018079776;0.018079776;0.018079776;0.018079776;0.018079776;0.020308924;0.020308924;0.020308924;0.020308924;0.020308924;0.020308924;0.020308924;0.020308924;0.021102935;0.021102935;0.021102935;0.021102935;0.021102935;0.021102935;0.021102935;0.021102935
0.017951932;0.017951932;0.017951932;0.017951932;0.017951932;0.017951932;0.017951932;0.017951932;0.016136464;0.016136464;0.016136464;0.016136464;0.016136464;0.016136464;0.016136464;0.016136464;0.016472832;0.016472832;0.016472832;0.016472832;0.016472832;0.016472832;0.016472832;0.016472832;0.018684569;0.018684569;0.018684569;0.018684569;0.018684569;0.018684569;0.018684569;0.018684569;0.019431031;0.019431031;0.019431031;0.019431031;0.019431031;0.019431031;0.019431031;0.019431031;0.01837124;0.01837124;0.01837124;0.01837124;0.01837124;0.01837124;0.01837124;0.01837124;0.017951932;0.017951932;0.017951932;0.017951932;0.017951932;0.017951932;0.017951932;0.017951932
0.021048658;0.021048658;0.021048658;0.021048658;0.021048658;0.021048658;0.021048658;0.021048658;0.021378291;0.021378291;0.021378291;0.021378291;0.021378291;0.021378291;0.021378291;0.021378291;0.021085875;0.021085875;0.021085875;0.021085875;0.021085875;0.021085875;0.021085875;0.021085875;0.018980477;0.018980477;0.018980477;0.018980477;0.018980477;0.018980477;0.018980477;0.018980477;0.015572498;0.015572498;0.015572498;0.015572498;0.015572498;0.015572498;0.015572498;0.015572498;0.013552167;0.013552167;0.013552167;0.013552167;0.013552167;0.013552167;0.013552167;0.013552167;0.013382034;0.013382034;0.013382034;0.013382034;0.013382034;0.013382034;0.013382034;0.013382034
0.014157035;0.014157035;0.014157035;0.014157035;0.014157035;0.014157035;0.014157035;0.014157035;0.013273212;0.013273212;0.013273212;0.013273212;0.013273212;0.013273212;0.013273212;0.013273212;0.015252551;0.015252551;0.015252551;0.015252551;0.015252551;0.015252551;0.015252551;0.015252551;0.019946865;0.019946865;0.019946865;0.019946865;0.019946865;0.019946865;0.019946865;0.019946865;0.023535078;0.023535078;0.023535078;0.023535078;0.023535078;0.023535078;0.023535078;0.023535078;0.021576908;0.021576908;0.021576908;0.021576908;0.021576908;0.021576908;0.021576908;0.021576908;0.017258351;0.017258351;0.017258351;0.017258351;0.017258351;0.017258351;0.017258351;0.017258351
0.028625357;0.028625357;0.028625357;0.028625357;0.028625357;0.028625357;0.028625357;0.028625357;0.023443084;0.023443084;0.023443084;0.023443084;0.023443084;0.023443084;0.023443084;0.023443084;0.019277162;0.019277162;0.019277162;0.019277162;0.019277162;0.019277162;0.019277162;0.019277162;0.014977216;0.014977216;0.014977216;0.014977216;0.014977216;0.014977216;0.014977216;0.014977216;0.014094889;0.014094889;0.014094889;0.014094889;0.014094889;0.014094889;0.014094889;0.014094889;0.013100876;0.013100876;0.013100876;0.013100876;0.013100876;0.013100876;0.013100876;0.013100876;0.011481415;0.011481415;0.011481415;0.011481415;0.011481415;0.011481415;0.011481415;0.011481415
0.017889605;0.017889605;0.017889605;0.017889605;0.017889605;0.017889605;0.017889605;0.017889605;0.019067096;0.019067096;0.019067096;0.019067096;0.019067096;0.019067096;0.019067096;0.019067096;0.021566683;0.021566683;0.021566683;0.021566683;0.021566683;0.021566683;0.021566683;0.021566683;0.020843662;0.020843662;0.020843662;0.020843662;0.020843662;0.020843662;0.020843662;0.020843662;0.018323418;0.018323418;0.018323418;0.018323418;0.018323418;0.018323418;0.018323418;0.018323418;0.014419104;0.014419104;0.014419104;0.014419104;0.014419104;0.014419104;0.014419104;0.014419104;0.012890431;0.012890431;0.012890431;0.012890431;0.012890431;0.012890431;0.012890431;0.012890431
0.01684679;0.01684679;0.01684679;0.01684679;0.01684679;0.01684679;0.01684679;0.01684679;0.023299428;0.023299428;0.023299428;0.023299428;0.023299428;0.023299428;0.023299428;0.023299428;0.022027972;0.022027972;0.022027972;0.022027972;0.022027972;0.022027972;0.022027972;0.022027972;0.01913541;0.01913541;0.01913541;0.01913541;0.01913541;0.01913541;0.01913541;0.01913541;0.018483789;0.018483789;0.018483789;0.018483789;0.018483789;0.018483789;0.018483789;0.018483789;0.014097266;0.014097266;0.014097266;0.014097266;0.014097266;0.014097266;0.014097266;0.014097266;0.011109345;0.011109345;0.011109345;0.011109345;0.011109345;0.011109345;0.011109345;0.011109345
0.02256191;0.02256191;0.02256191;0.02256191;0.02256191;0.02256191;0.02256191;0.02256191;0.023646924;0.023646924;0.023646924;0.023646924;0.023646924;0.023646924;0.023646924;0.023646924;0.015413582;0.015413582;0.015413582;0.015413582;0.015413582;0.015413582;0.015413582;0.015413582;0.013977534;0.013977534;0.013977534;0.013977534;0.013977534;0.013977534;0.013977534;0.013977534;0.010562931;0.010562931;0.010562931;0.010562931;0.010562931;0.010562931;0.010562931;0.010562931;0.016083738;0.016083738;0.016083738;0.016083738;0.016083738;0.016083738;0.016083738;0.016083738;0.022753383;0.022753383;0.022753383;0.022753383;0.022753383;0.022753383;0.022753383;0.022753383
0.011524107;0.011524107;0.011524107;0.011524107;0.011524107;0.011524107;0.011524107;0.011524107;0.012154529;0.012154529;0.012154529;0.012154529;0.012154529;0.012154529;0.012154529;0.012154529;0.008725035;0.008725035;0.008725035;0.008725035;0.008725035;0.008725035;0.008725035;0.008725035;0.01439883;0.01439883;0.01439883;0.01439883;0.01439883;0.01439883;0.01439883;0.01439883;0.02251866;0.02251866;0.02251866;0.02251866;0.02251866;0.02251866;0.02251866;0.02251866;0.029150696;0.029150696;0.029150696;0.029150696;0.029150696;0.029150696;0.029150696;0.029150696;0.026528142;0.026528142;0.026528142;0.026528142;0.026528142;0.026528142;0.026528142;0.026528142
0.011203357;0.011203357;0.011203357;0.011203357;0.011203357;0.011203357;0.011203357;0.011203357;0.025174076;0.025174076;0.025174076;0.025174076;0.025174076;0.025174076;0.025174076;0.025174076;0.028008391;0.028008391;0.028008391;0.028008391;0.028008391;0.028008391;0.028008391;0.028008391;0.017519193;0.017519193;0.017519193;0.017519193;0.017519193;0.017519193;0.017519193;0.017519193;0.015309766;0.015309766;0.015309766;0.015309766;0.015309766;0.015309766;0.015309766;0.015309766;0.015108909;0.015108909;0.015108909;0.015108909;0.015108909;0.015108909;0.015108909;0.015108909;0.012676308;0.012676308;0.012676308;0.012676308;0.012676308;0.012676308;0.012676308;0.012676308
0.005961054;0.005961054;0.005961054;0.005961054;0.005961054;0.005961054;0.005961054;0.005961054;0.003626308;0.003626308;0.003626308;0.003626308;0.003626308;0.003626308;0.003626308;0.003626308;0.010150351;0.010150351;0.010150351;0.010150351;0.010150351;0.010150351;0.010150351;0.010150351;0.030417936;0.030417936;0.030417936;0.030417936;0.030417936;0.030417936;0.030417936;0.030417936;0.035451715;0.035451715;0.035451715;0.035451715;0.035451715;0.035451715;0.035451715;0.035451715;0.023844218;0.023844218;0.023844218;0.023844218;0.023844218;0.023844218;0.023844218;0.023844218;0.015548417;0.015548417;0.015548417;0.015548417;0.015548417;0.015548417;0.015548417;0.015548417
0.005175868;0.005175868;0.005175868;0.005175868;0.005175868;0.005175868;0.005175868;0.005175868;0.027697388;0.027697388;0.027697388;0.027697388;0.027697388;0.027697388;0.027697388;0.027697388;0.016195459;0.016195459;0.016195459;0.016195459;0.016195459;0.016195459;0.016195459;0.016195459;0.010815524;0.010815524;0.010815524;0.010815524;0.010815524;0.010815524;0.010815524;0.010815524;0.032520778;0.032520778;0.032520778;0.032520778;0.032520778;0.032520778;0.032520778;0.032520778;0.021705254;0.021705254;0.021705254;0.021705254;0.021705254;0.021705254;0.021705254;0.021705254;0.01088973;0.01088973;0.01088973;0.01088973;0.01088973;0.01088973;0.01088973;0.01088973
0.000160927;0.000160927;0.000160927;0.000160927;0.000160927;0.000160927;0.000160927;0.000160927;0.007121017;0.007121017;0.007121017;0.007121017;0.007121017;0.007121017;0.007121017;0.007121017;0.012914387;0.012914387;0.012914387;0.012914387;0.012914387;0.012914387;0.012914387;0.012914387;0.032748632;0.032748632;0.032748632;0.032748632;0.032748632;0.032748632;0.032748632;0.032748632;0.032426778;0.032426778;0.032426778;0.032426778;0.032426778;0.032426778;0.032426778;0.032426778;0.015690377;0.015690377;0.015690377;0.015690377;0.015690377;0.015690377;0.015690377;0.015690377;0.023937882;0.023937882;0.023937882;0.023937882;0.023937882;0.023937882;0.023937882;0.023937882
0.014598622;0.014598622;0.014598622;0.014598622;0.014598622;0.014598622;0.014598622;0.014598622;0.029349196;0.029349196;0.029349196;0.029349196;0.029349196;0.029349196;0.029349196;0.029349196;0.026011886;0.026011886;0.026011886;0.026011886;0.026011886;0.026011886;0.026011886;0.026011886;0.018144163;0.018144163;0.018144163;0.018144163;0.018144163;0.018144163;0.018144163;0.018144163;0.013934537;0.013934537;0.013934537;0.013934537;0.013934537;0.013934537;0.013934537;0.013934537;0.011779073;0.011779073;0.011779073;0.011779073;0.011779073;0.011779073;0.011779073;0.011779073;0.011182522;0.011182522;0.011182522;0.011182522;0.011182522;0.011182522;0.011182522;0.011182522
0.01790903;0.01790903;0.01790903;0.01790903;0.01790903;0.01790903;0.01790903;0.01790903;0.017042915;0.017042915;0.017042915;0.017042915;0.017042915;0.017042915;0.017042915;0.017042915;0.017201237;0.017201237;0.017201237;0.017201237;0.017201237;0.017201237;0.017201237;0.017201237;0.023347862;0.023347862;0.023347862;0.023347862;0.023347862;0.023347862;0.023347862;0.023347862;0.02306847;0.02306847;0.02306847;0.02306847;0.02306847;0.02306847;0.02306847;0.02306847;0.01557145;0.01557145;0.01557145;0.01557145;0.01557145;0.01557145;0.01557145;0.01557145;0.010859037;0.010859037;0.010859037;0.010859037;0.010859037;0.010859037;0.010859037;0.010859037
0.023716572;0.023716572;0.023716572;0.023716572;0.023716572;0.023716572;0.023716572;0.023716572;0.020325005;0.020325005;0.020325005;0.020325005;0.020325005;0.020325005;0.020325005;0.020325005;0.018104626;0.018104626;0.018104626;0.018104626;0.018104626;0.018104626;0.018104626;0.018104626;0.015176654;0.015176654;0.015176654;0.015176654;0.015176654;0.015176654;0.015176654;0.015176654;0.014151864;0.014151864;0.014151864;0.014151864;0.014151864;0.014151864;0.014151864;0.014151864;0.016469842;0.016469842;0.016469842;0.016469842;0.016469842;0.016469842;0.016469842;0.016469842;0.017055436;0.017055436;0.017055436;0.017055436;0.017055436;0.017055436;0.017055436;0.017055436
0.013608981;0.013608981;0.013608981;0.013608981;0.013608981;0.013608981;0.013608981;0.013608981;0.013116101;0.013116101;0.013116101;0.013116101;0.013116101;0.013116101;0.013116101;0.013116101;0.019824754;0.019824754;0.019824754;0.019824754;0.019824754;0.019824754;0.019824754;0.019824754;0.023384447;0.023384447;0.023384447;0.023384447;0.023384447;0.023384447;0.023384447;0.023384447;0.021193866;0.021193866;0.021193866;0.021193866;0.021193866;0.021193866;0.021193866;0.021193866;0.017853231;0.017853231;0.017853231;0.017853231;0.017853231;0.017853231;0.017853231;0.017853231;0.01601862;0.01601862;0.01601862;0.01601862;0.01601862;0.01601862;0.01601862;0.01601862
0.010721757;0.010721757;0.010721757;0.010721757;0.010721757;0.010721757;0.010721757;0.010721757;0.011626971;0.011626971;0.011626971;0.011626971;0.011626971;0.011626971;0.011626971;0.011626971;0.014704699;0.014704699;0.014704699;0.014704699;0.014704699;0.014704699;0.014704699;0.014704699;0.019230769;0.019230769;0.019230769;0.019230769;0.019230769;0.019230769;0.019230769;0.019230769;0.020015288;0.020015288;0.020015288;0.020015288;0.020015288;0.020015288;0.020015288;0.020015288;0.02248954;0.02248954;0.02248954;0.02248954;0.02248954;0.02248954;0.02248954;0.02248954;0.026210975;0.026210975;0.026210975;0.026210975;0.026210975;0.026210975;0.026210975;0.026210975
0.014808612;0.014808612;0.014808612;0.014808612;0.014808612;0.014808612;0.014808612;0.014808612;0.0125;0.0125;0.0125;0.0125;0.0125;0.0125;0.0125;0.0125;0.011782297;0.011782297;0.011782297;0.011782297;0.011782297;0.011782297;0.011782297;0.011782297;0.01076555;0.01076555;0.01076555;0.01076555;0.01076555;0.01076555;0.01076555;0.01076555;0.011602871;0.011602871;0.011602871;0.011602871;0.011602871;0.011602871;0.011602871;0.011602871;0.023205742;0.023205742;0.023205742;0.023205742;0.023205742;0.023205742;0.023205742;0.023205742;0.040334928;0.040334928;0.040334928;0.040334928;0.040334928;0.040334928;0.040334928;0.040334928
0.025584668;0.025584668;0.025584668;0.025584668;0.025584668;0.025584668;0.025584668;0.025584668;0.021892409;0.021892409;0.021892409;0.021892409;0.021892409;0.021892409;0.021892409;0.021892409;0.018707927;0.018707927;0.018707927;0.018707927;0.018707927;0.018707927;0.018707927;0.018707927;0.014551416;0.014551416;0.014551416;0.014551416;0.014551416;0.014551416;0.014551416;0.014551416;0.013826021;0.013826021;0.013826021;0.013826021;0.013826021;0.013826021;0.013826021;0.013826021;0.015226033;0.015226033;0.015226033;0.015226033;0.015226033;0.015226033;0.015226033;0.015226033;0.015211525;0.015211525;0.015211525;0.015211525;0.015211525;0.015211525;0.015211525;0.015211525
0.027838702;0.027838702;0.027838702;0.027838702;0.027838702;0.027838702;0.027838702;0.027838702;0.018157037;0.018157037;0.018157037;0.018157037;0.018157037;0.018157037;0.018157037;0.018157037;0.013300539;0.013300539;0.013300539;0.013300539;0.013300539;0.013300539;0.013300539;0.013300539;0.01373919;0.01373919;0.01373919;0.01373919;0.01373919;0.01373919;0.01373919;0.01373919;0.015352801;0.015352801;0.015352801;0.015352801;0.015352801;0.015352801;0.015352801;0.015352801;0.016339767;0.016339767;0.016339767;0.016339767;0.016339767;0.016339767;0.016339767;0.016339767;0.020271964;0.020271964;0.020271964;0.020271964;0.020271964;0.020271964;0.020271964;0.020271964
0.016120847;0.016120847;0.016120847;0.016120847;0.016120847;0.016120847;0.016120847;0.016120847;0.017389539;0.017389539;0.017389539;0.017389539;0.017389539;0.017389539;0.017389539;0.017389539;0.014116314;0.014116314;0.014116314;0.014116314;0.014116314;0.014116314;0.014116314;0.014116314;0.013135192;0.013135192;0.013135192;0.013135192;0.013135192;0.013135192;0.013135192;0.013135192;0.019622437;0.019622437;0.019622437;0.019622437;0.019622437;0.019622437;0.019622437;0.019622437;0.024291224;0.024291224;0.024291224;0.024291224;0.024291224;0.024291224;0.024291224;0.024291224;0.020324447;0.020324447;0.020324447;0.020324447;0.020324447;0.020324447;0.020324447;0.020324447
0.011879276;0.011879276;0.011879276;0.011879276;0.011879276;0.011879276;0.011879276;0.011879276;0.020368867;0.020368867;0.020368867;0.020368867;0.020368867;0.020368867;0.020368867;0.020368867;0.02650844;0.02650844;0.02650844;0.02650844;0.02650844;0.02650844;0.02650844;0.02650844;0.016702348;0.016702348;0.016702348;0.016702348;0.016702348;0.016702348;0.016702348;0.016702348;0.011836212;0.011836212;0.011836212;0.011836212;0.011836212;0.011836212;0.011836212;0.011836212;0.015884148;0.015884148;0.015884148;0.015884148;0.015884148;0.015884148;0.015884148;0.015884148;0.02182071;0.02182071;0.02182071;0.02182071;0.02182071;0.02182071;0.02182071;0.02182071
0.02243953;0.02243953;0.02243953;0.02243953;0.02243953;0.02243953;0.02243953;0.02243953;0.030462436;0.030462436;0.030462436;0.030462436;0.030462436;0.030462436;0.030462436;0.030462436;0.025243073;0.025243073;0.025243073;0.025243073;0.025243073;0.025243073;0.025243073;0.025243073;0.016795162;0.016795162;0.016795162;0.016795162;0.016795162;0.016795162;0.016795162;0.016795162;0.011803215;0.011803215;0.011803215;0.011803215;0.011803215;0.011803215;0.011803215;0.011803215;0.009406037;0.009406037;0.009406037;0.009406037;0.009406037;0.009406037;0.009406037;0.009406037;0.008850547;0.008850547;0.008850547;0.008850547;0.008850547;0.008850547;0.008850547;0.008850547
0.013876907;0.013876907;0.013876907;0.013876907;0.013876907;0.013876907;0.013876907;0.013876907;0.014362161;0.014362161;0.014362161;0.014362161;0.014362161;0.014362161;0.014362161;0.014362161;0.01474632;0.01474632;0.01474632;0.01474632;0.01474632;0.01474632;0.01474632;0.01474632;0.01456435;0.01456435;0.01456435;0.01456435;0.01456435;0.01456435;0.01456435;0.01456435;0.018823799;0.018823799;0.018823799;0.018823799;0.018823799;0.018823799;0.018823799;0.018823799;0.023575241;0.023575241;0.023575241;0.023575241;0.023575241;0.023575241;0.023575241;0.023575241;0.025051221;0.025051221;0.025051221;0.025051221;0.025051221;0.025051221;0.025051221;0.025051221
0.021995325;0.021995325;0.021995325;0.021995325;0.021995325;0.021995325;0.021995325;0.021995325;0.018860011;0.018860011;0.018860011;0.018860011;0.018860011;0.018860011;0.018860011;0.018860011;0.016267877;0.016267877;0.016267877;0.016267877;0.016267877;0.016267877;0.016267877;0.016267877;0.014012651;0.014012651;0.014012651;0.014012651;0.014012651;0.014012651;0.014012651;0.014012651;0.012795655;0.012795655;0.012795655;0.012795655;0.012795655;0.012795655;0.012795655;0.012795655;0.014232673;0.014232673;0.014232673;0.014232673;0.014232673;0.014232673;0.014232673;0.014232673;0.026835809;0.026835809;0.026835809;0.026835809;0.026835809;0.026835809;0.026835809;0.026835809
0.01814059;0.01814059;0.01814059;0.01814059;0.01814059;0.01814059;0.01814059;0.01814059;0.016022526;0.016022526;0.016022526;0.016022526;0.016022526;0.016022526;0.016022526;0.016022526;0.015306122;0.015306122;0.015306122;0.015306122;0.015306122;0.015306122;0.015306122;0.015306122;0.018442725;0.018442725;0.018442725;0.018442725;0.018442725;0.018442725;0.018442725;0.018442725;0.021744412;0.021744412;0.021744412;0.021744412;0.021744412;0.021744412;0.021744412;0.021744412;0.01952979;0.01952979;0.01952979;0.01952979;0.01952979;0.01952979;0.01952979;0.01952979;0.015813835;0.015813835;0.015813835;0.015813835;0.015813835;0.015813835;0.015813835;0.015813835
0.023586267;0.023586267;0.023586267;0.023586267;0.023586267;0.023586267;0.023586267;0.023586267;0.022808301;0.022808301;0.022808301;0.022808301;0.022808301;0.022808301;0.022808301;0.022808301;0.021396628;0.021396628;0.021396628;0.021396628;0.021396628;0.021396628;0.021396628;0.021396628;0.018006553;0.018006553;0.018006553;0.018006553;0.018006553;0.018006553;0.018006553;0.018006553;0.015713874;0.015713874;0.015713874;0.015713874;0.015713874;0.015713874;0.015713874;0.015713874;0.013220262;0.013220262;0.013220262;0.013220262;0.013220262;0.013220262;0.013220262;0.013220262;0.010268115;0.010268115;0.010268115;0.010268115;0.010268115;0.010268115;0.010268115;0.010268115
0.011054422;0.011054422;0.011054422;0.011054422;0.011054422;0.011054422;0.011054422;0.011054422;0.016794218;0.016794218;0.016794218;0.016794218;0.016794218;0.016794218;0.016794218;0.016794218;0.017311816;0.017311816;0.017311816;0.017311816;0.017311816;0.017311816;0.017311816;0.017311816;0.018088214;0.018088214;0.018088214;0.018088214;0.018088214;0.018088214;0.018088214;0.018088214;0.024086809;0.024086809;0.024086809;0.024086809;0.024086809;0.024086809;0.024086809;0.024086809;0.021429496;0.021429496;0.021429496;0.021429496;0.021429496;0.021429496;0.021429496;0.021429496;0.016235027;0.016235027;0.016235027;0.016235027;0.016235027;0.016235027;0.016235027;0.016235027
0.023222123;0.023222123;0.023222123;0.023222123;0.023222123;0.023222123;0.023222123;0.023222123;0.01883315;0.01883315;0.01883315;0.01883315;0.01883315;0.01883315;0.01883315;0.01883315;0.018001646;0.018001646;0.018001646;0.018001646;0.018001646;0.018001646;0.018001646;0.018001646;0.018215951;0.018215951;0.018215951;0.018215951;0.018215951;0.018215951;0.018215951;0.018215951;0.015721437;0.015721437;0.015721437;0.015721437;0.015721437;0.015721437;0.015721437;0.015721437;0.014238445;0.014238445;0.014238445;0.014238445;0.014238445;0.014238445;0.014238445;0.014238445;0.016767247;0.016767247;0.016767247;0.016767247;0.016767247;0.016767247;0.016767247;0.016767247
0.024114512;0.024114512;0.024114512;0.024114512;0.024114512;0.024114512;0.024114512;0.024114512;0.022481087;0.022481087;0.022481087;0.022481087;0.022481087;0.022481087;0.022481087;0.022481087;0.018655433;0.018655433;0.018655433;0.018655433;0.018655433;0.018655433;0.018655433;0.018655433;0.01531336;0.01531336;0.01531336;0.01531336;0.01531336;0.01531336;0.01531336;0.01531336;0.013303817;0.013303817;0.013303817;0.013303817;0.013303817;0.013303817;0.013303817;0.013303817;0.013873367;0.013873367;0.013873367;0.013873367;0.013873367;0.013873367;0.013873367;0.013873367;0.017258425;0.017258425;0.017258425;0.017258425;0.017258425;0.017258425;0.017258425;0.017258425
