0.668555895,0.561959249,0.858326982,0.897735047,0.948948551,1.016651936,1.094829279,0.895718958,0.526443205,0.526251839,1.043513353,1.091336162,1.213692261,1.297753457,1.731986078,1.061663541,0.78144069,0.695605984,1.026659606,1.091484404,1.16294235,1.274770585,1.547694548,0.977308558,0.612668731,0.651278986,0.972133571,1.05080685,1.115717898,1.195116214,1.730088582,1.075781553,0.798210883,0.746444841,1.091497881,1.163422114,1.217864595,1.259180936,2.714290252,1.001226701,0.735175767,0.62050129,0.740814347,0.781677877,0.856480697,0.991623327,1.09281858,0.891522367,0.720987678,0.640053037,0.707842672,0.786270678,0.819735594,0.995943902,1.284594974,0.944954108,,25.99011042,,17.37584153,14.60538293,22.30801304,23.332233,24.66327762,26.42289608,28.45473385,23.27983462,13.68231703,13.6773434,27.12102727,28.36394736,31.54399588,33.72875565,45.01450941,27.59275266,20.30972982,18.07887633,26.68299652,28.36780018,30.22500009,33.13142826,40.2247522,25.40035734,15.92332797,16.92681276,25.26585885,27.31058606,28.99763137,31.06120237,44.96519328,27.95968135,20.74558899,19.40018384,28.36815045,30.23746921,31.6524353,32.72625157,70.54470336,26.02199251,19.10729936,16.12689704,19.25384668,20.31589434,22.26002789,25.77239976,28.40247556,23.17076476,18.73854936,16.63504911,18.39690921,20.43526174,21.3050186,25.88469199,33.38676522,24.55946161
0.647111548,0.636052871,1.068708852,1.126118948,1.153681426,1.269776169,1.574253055,0.981556721,0.710675689,0.696781325,1.04715964,1.073729124,1.13028952,1.226785844,1.672375877,1.044291272,0.691202965,0.722840486,1.081067219,1.099039141,1.100841612,1.117873333,1.338375666,0.933817625,0.691891775,0.651613956,1.035112997,1.054904988,1.103363061,1.245227866,2.583315252,1.00236433,0.723609741,0.721684088,1.127066691,1.103908579,1.211262468,1.334114594,1.684186212,0.95592241,0.691861608,0.636638611,0.74388943,0.808220312,0.837834138,0.930388656,0.94206324,0.822074454,0.660885245,0.568436312,0.757054761,0.780620126,0.788805408,0.867332324,0.951078111,0.838862326,,25.15646143,,16.2790367,16.00083952,26.88493302,28.32916788,29.0225423,31.94307522,39.60263626,24.69249379,17.87808556,17.52855253,26.34283109,27.01122529,28.43408471,30.86159077,42.07105925,26.27067311,17.38822073,18.18410881,27.1958258,27.64793576,27.69327955,28.12173739,33.66879582,23.49154707,17.40554875,16.39230135,26.03978018,26.53767664,27.75671029,31.32552678,64.9870705,25.21593961,18.20346054,18.15501792,28.35300974,27.77043359,30.47107756,33.56160233,42.36816548,24.04762524,17.40478986,16.01557466,18.71362575,20.33196311,21.07694218,23.40528634,23.69897756,20.68048429,16.62553418,14.29984616,19.0448189,19.63764009,19.84355282,21.81901216,23.92575982,21.10280775
0.64547075,0.602419357,1.059870285,1.05185133,1.171762797,1.237401113,2.302655394,0.943971882,0.688180352,0.709182606,1.098387563,1.050030035,1.1096141,1.240243002,3.042060441,1.02423792,0.731403836,0.732175855,1.086099798,1.116693726,1.164365281,1.191185161,2.595577914,0.962055761,0.689296552,0.718905738,0.951073019,0.978978028,1.031683239,1.007540328,1.160376119,0.871727189,0.684303528,0.724202312,0.978770085,0.992164489,1.025399533,1.016006241,1.336272084,0.874526055,0.650458995,0.624619076,0.753020358,0.760592355,0.767217853,0.889980769,1.021353008,0.804057244,0.661891085,0.594775656,0.709832726,0.726255451,0.753194839,0.831768651,1.041523489,0.811337643,,25.09267541,,16.19658802,15.11631339,26.59498104,26.393764,29.40266352,31.04970448,57.77978438,23.68678003,17.2682862,17.79528894,27.56148259,26.34806284,27.84318644,31.12101508,76.33343522,25.70086967,18.35287905,18.37225107,27.25314969,28.0208332,29.21704005,29.8900226,65.1299941,24.14055294,17.29629464,18.03926833,23.86496656,24.56517789,25.88769264,25.28188241,29.11694131,21.8739674,17.17100631,18.17217355,24.55996004,24.89606148,25.73001765,25.49431482,33.53064166,21.94419844,16.32175643,15.67336373,18.89529542,19.08529708,19.25154855,22.33199856,25.62847951,20.17594743,16.60861815,14.92451248,17.81160219,18.2236923,18.89967362,20.87130078,26.13461084,20.35863212
0.653523006,0.659187397,0.988554262,1.025107903,1.239063364,1.243012544,3.712148153,1.017984369,0.625640343,0.647081584,1.184359834,1.013216215,1.071926319,1.173523321,3.202222771,0.985461584,0.681052474,0.681330616,1.147174854,1.060621821,1.096045232,1.225246755,2.147771987,0.958854843,0.676034875,0.677913439,0.978525686,0.91451101,0.967391163,1.088926113,1.715997976,0.858803077,0.657686311,0.654302246,0.908115944,0.893464908,0.898290457,0.98016805,1.460722927,0.793547798,0.64923829,0.619856748,0.657677481,0.681549157,0.685741159,0.796424143,0.934259115,0.720206524,0.611240959,0.586219187,0.644710751,0.645366373,0.688774234,0.792927496,0.954704783,0.766590067,,25.40570686,,16.60321392,16.74712177,25.1149198,26.04359088,31.47928061,31.57961232,94.3097478,25.86261247,15.89483515,16.43956504,30.08949876,25.74147414,27.23304584,29.81418949,81.35473302,25.03634812,17.30261951,17.3096859,29.14478806,26.94584707,27.84580387,31.12825989,54.5656655,24.36038506,17.17514386,17.22287011,24.86013673,23.23379864,24.57725631,27.66493762,43.59614155,21.81849922,16.70898562,16.62301106,23.07132747,22.69910754,22.82170403,24.90186215,37.11069849,20.16064274,16.49435768,15.74789883,16.70876129,17.31523809,17.42173887,20.23371831,23.73551321,18.29735583,15.52900863,14.89331282,16.37933235,16.39598889,17.49879628,20.14488352,24.25494985,19.47576252
0.695130195,0.712995974,1.293326114,1.139901149,1.187304884,1.41372019,4.316708766,1.005099348,0.690996974,0.697820899,1.14984679,1.004202446,1.077070709,1.170413239,2.89246658,0.95028621,0.660380245,0.679815602,1.084664475,1.019771161,1.080087786,1.168666773,2.320963446,0.934518184,0.60959569,0.657091606,0.976675045,0.900520635,0.933910284,1.040223006,1.438843397,0.897446256,0.601306825,0.648837621,1.046867551,0.959526787,0.960944389,0.995931021,1.188852039,0.806622523,0.601481223,0.577075537,0.65484437,0.691251096,0.701084624,0.800060194,0.931204631,0.737267125,0.590773216,0.498768563,0.603905348,0.605113674,0.627247209,0.727852151,0.907668441,0.735049785,,27.02318633,,18.78463278,19.26742306,34.94979256,30.80376115,32.08476111,38.20322411,116.6512253,27.16098696,18.67293998,18.85734418,31.07252406,27.13674981,29.10588246,31.62829504,78.16366334,25.67976132,17.84557841,18.37078368,29.31109021,27.5574661,29.18741349,31.58109996,62.71982767,25.25365902,16.47321792,17.7567089,26.39287172,24.33493691,25.23723162,28.11014012,38.88213322,24.2518574,16.24922637,17.53365993,28.28969689,25.92947115,25.96777928,26.91322955,32.12657017,21.79751074,16.25393916,15.59441976,17.69598143,18.67980717,18.94554043,21.6201757,25.16411625,19.92330689,15.96457469,13.47831581,16.31944674,16.35209956,16.9502182,19.6688843,24.52809341,19.8633873
0.553564173,0.565326064,1.043625155,0.976229349,1.053654713,1.321566346,2.671214811,0.974572334,0.631900652,0.666520604,1.172447141,1.087740144,1.24882533,1.213044009,2.007514689,0.987553905,0.658801636,0.666996814,1.237029424,1.08134047,1.134287202,1.354993344,2.114766324,1.035391103,0.602186145,0.615743541,1.146066101,1.101506488,1.123927214,1.15121208,1.68390354,0.961211739,0.650902873,0.674861561,1.192547559,1.163377292,1.141619858,1.307209598,1.815281508,0.952732292,0.642705265,0.575737075,0.677070105,0.683481927,0.664773693,0.781197221,0.953674993,0.741409423,0.551795395,0.541165716,0.646029014,0.652331502,0.675959759,0.757411038,0.993751918,0.718310828,,21.51980723,,11.91259429,12.16570792,22.45861216,21.0082674,22.67444631,28.43985301,57.4840278,20.97260876,13.59838022,14.34339491,25.23083646,23.40795822,26.87448037,26.10447324,43.20132912,21.25196966,14.17728421,14.35364286,26.62063474,23.27023846,24.40964193,29.15919556,45.50936363,22.28141694,12.95892976,13.25068231,24.66312157,23.70420728,24.18669699,24.77386204,36.23727957,20.68509133,14.00730435,14.5228907,25.66339358,25.03565506,24.56743927,28.13089856,39.06450812,20.50261527,13.83089341,12.38975087,14.57041814,14.70839931,14.30580172,16.8112136,20.52290201,15.95498786,11.87453053,11.64578189,13.90241985,14.03804817,14.54652371,16.29933953,21.38534971,15.45791055
0.57244009,0.594691012,1.082039869,1.040344933,1.094143256,1.149064343,1.834374323,0.947297053,0.624911307,0.64780445,1.11825572,0.94589809,1.003192698,1.135517082,1.796970588,0.98420228,0.641490029,0.665023147,1.147862986,0.950389142,1.048339007,1.468676863,2.731345383,0.969071923,0.635665134,0.66077012,1.063797212,0.97144769,1.029375536,2.106700546,2.558096279,1.005507835,0.611730067,0.67217964,1.033386047,0.96087126,0.943571724,1.040771583,1.481029504,0.945424283,0.671750744,0.663781371,0.702370743,0.725874669,0.723467464,0.808031746,1.014804315,0.784455963,0.665220753,0.646394259,0.682569691,0.657440004,0.674445376,0.770825618,1.075476195,0.819421056,,22.2536085,,12.73885765,13.23402096,24.07929163,23.15142884,24.34863566,25.57082803,40.82144803,21.08077775,13.90653157,14.41598661,24.885225,21.04964578,22.32465755,25.26935259,39.98907995,21.90205222,14.27546796,14.79916476,25.5440935,21.14958789,23.32932584,32.68335992,60.78229083,21.56534718,14.14584303,14.70451956,23.67332668,21.61821657,22.90732018,46.88168918,56.9268731,22.3761777,13.61320142,14.95842255,22.99656852,21.38285284,20.99787574,23.16092335,32.95825076,21.03910186,14.94887807,14.77153076,15.63028354,16.1533307,16.09976171,17.98162213,22.58305793,17.45697589,14.8035622,14.38460478,15.18963868,14.63041246,15.00884335,17.15365152,23.93322619,18.23507538
0.689374618,0.717398427,1.139502347,1.082826158,1.022970674,1.132950173,1.855504394,1.051948726,0.679900498,0.67637731,1.122480815,0.986351834,1.011492413,1.176619944,2.147958629,1.096850588,0.667392838,0.727514783,1.212767355,0.984242932,1.003238997,1.411744367,2.279883469,1.08900711,0.577933007,0.614531349,1.183194892,0.996620778,1.074124088,1.310986192,1.870649321,1.12814479,0.56218456,0.616344186,1.172925948,1.008818707,0.996641275,1.212036299,1.714262577,1.032738582,0.704173375,0.670064267,0.699907744,0.65323404,0.666766544,0.828293454,1.055419534,0.805393869,0.598999259,0.628749361,0.681355778,0.674537145,0.688037765,0.765044595,1.035995311,0.805592006,,26.79943827,,18.47485252,19.22587486,30.53802281,29.01913278,27.41503943,30.36242822,49.72647547,28.19163495,18.22095143,18.12653197,30.08185531,26.43367509,27.10742848,31.53275356,57.56408468,29.39497962,17.88575316,19.49698752,32.50148387,26.3771577,26.88624157,37.83395602,61.09959629,29.18477882,15.48827995,16.46909495,31.70895847,26.70887702,28.78592219,35.13369353,50.132351,30.23364666,15.06623041,16.51767797,31.43375654,27.03577466,26.70942633,32.48189198,45.94127411,27.67681388,18.87145089,17.95734596,18.75713438,17.50630533,17.86896884,22.19779929,28.28465065,21.58410328,16.05284367,16.85012969,18.25995211,18.07721658,18.43902561,20.5027654,27.76409239,21.58941324
0.800397177,0.804649189,1.200296206,1.047181802,1.157216965,1.381090674,2.35553281,1.19219661,0.801015973,0.832645281,1.193814319,1.004966665,1.084512872,1.31893705,2.175308518,1.164494446,0.763658383,0.774337032,1.14902013,0.991565315,1.043186149,1.223260162,1.665745605,1.012619844,0.575469305,0.580859459,0.981394963,0.918613704,0.926830429,1.105850279,1.514569359,1.037453448,0.723153775,0.73739271,0.972307504,0.919716487,0.92374308,1.049500077,1.388085277,0.961589076,0.747180734,0.710914877,0.761293699,0.730029039,0.72385213,0.825445149,1.089407989,0.877127863,0.697725685,0.64187936,0.720338254,0.644562282,0.691237169,0.792998147,1.035325232,0.856504281,,31.11544026,,24.90471055,25.03701377,37.34774489,32.5835228,36.00731534,42.97324436,73.29344043,37.0957224,24.92396466,25.9081245,37.14605812,31.26998023,33.74509548,41.03930699,67.68568224,36.23375737,23.7615668,24.09383766,35.75226721,30.85299132,32.4591963,38.06227849,51.83040786,31.50811226,17.90598078,18.0736978,30.53653634,28.58306983,28.83873684,34.40901829,47.12649241,32.28082078,22.50124808,22.94429882,30.25377606,28.61738341,28.74267262,32.65565695,43.19088451,29.92026745,23.24885749,22.12042939,23.68798861,22.71517495,22.52297771,25.68408922,33.8974092,27.29221962,21.71004187,19.97235888,22.41364191,20.05583918,21.50814884,24.67448647,32.21460041,26.65050779
0.834526018,0.852344402,1.136420565,1.017752704,1.028081125,1.219907397,1.736177364,1.09591433,0.811404721,0.815677269,1.094106237,1.002510233,1.005165405,1.125643836,1.568718239,1.060933925,0.834615184,0.832415751,1.033589616,0.964074636,0.974301507,1.123278454,1.552581629,1.051194992,0.846281099,0.853394582,1.033299826,0.997266763,0.997658104,1.096592984,1.556321657,1.074199878,0.863514949,0.858328447,1.05074173,0.989494441,0.973989425,1.119808402,1.567033988,1.058286183,0.835380528,0.811451781,0.8238979,0.752374203,0.737451244,0.88654708,1.101618492,0.932249724,0.645401978,0.711293341,0.769855737,0.677011405,0.714736148,0.85899967,1.092003401,0.942179374,,32.44219895,,27.0738591,27.65192666,36.86798206,33.01813571,33.35321239,39.57647847,56.32541146,35.55387073,26.32375339,26.46236424,35.49521221,32.52363643,32.60977605,36.51836127,50.89266921,34.41902947,27.07675185,27.0053974,33.53191995,31.27670114,31.60848333,36.44162308,50.36916209,34.10307707,27.45521978,27.68599681,33.52251853,32.35352673,32.36622269,35.57588775,50.49049683,34.84940615,28.01432377,27.84606224,34.08837225,32.10137551,31.5983587,36.32904696,50.8380284,34.33313089,27.10158129,26.32528012,26.72905959,24.40867358,23.92453997,28.76153675,35.73892628,30.24423102,20.93825937,23.07592008,24.97581298,21.96373869,23.18761231,27.86783819,35.42699159,30.5663707
0.791631743,0.797261691,1.021956431,0.999520943,1.006273192,1.136536549,1.679783091,1.091528577,0.833783906,0.845699795,1.055280351,0.97576293,0.976202893,1.115402508,1.734038194,1.130969829,0.846611336,0.838555004,1.09124405,0.981089909,0.985515886,1.154000717,1.789162685,1.130419216,0.824083639,0.800552194,1.05146558,0.98009143,0.981024046,1.094421269,1.654897507,1.088058927,0.850325995,0.84104725,1.036783455,0.98170375,0.964041994,1.079657474,1.482755976,1.067609859,0.729307135,0.610079741,0.721353548,0.724143495,0.768787905,0.897952671,1.164804844,0.944130366,0.775679783,0.732323649,0.792419461,0.711864043,0.72013377,0.820113432,1.120616204,0.979538183,,30.77468401,,24.36221674,24.53547661,31.45038624,30.75994118,30.96773951,34.97655316,51.69479383,33.59144705,25.65943624,26.02614396,32.47591934,30.02879584,30.04233556,34.32615973,53.36447748,34.80523911,26.05419634,25.80626527,33.58269082,30.19273193,30.32893998,35.51400741,55.06091627,34.78829417,25.36091359,24.6367408,32.35852097,30.16200406,30.19070502,33.68046873,50.92894785,33.48466966,26.1685138,25.88296336,31.90668321,30.2116227,29.66808774,33.2261176,45.63134663,32.85535606,22.44419663,18.77501125,22.1994275,22.28528724,23.65920485,27.63420971,35.84650101,29.05531368,23.87130021,22.53702889,24.38645852,21.90739098,22.16188922,25.23873172,34.48660957,30.14497806
0.783340871,0.767448999,0.993338431,0.910275357,0.932415359,1.148653435,1.934808752,1.209903886,0.826994031,0.855113153,1.048559005,0.929628825,0.923817201,1.138443757,2.060611368,1.237873276,0.795750844,0.845839933,1.054774143,0.945573991,0.944094438,1.157122163,2.065014497,1.19260352,0.834861294,0.850237987,1.057116558,0.937841233,0.950276584,1.205442387,1.909735023,1.28091482,0.821575771,0.814127249,1.061210072,0.94987307,0.923977085,1.118217277,1.661784262,1.111474271,0.774136173,0.751143461,0.679140238,0.619036173,0.627607861,0.785020912,1.076893842,0.874146854,0.683517989,0.646947904,0.64257269,0.55811635,0.578685437,0.726935131,0.950817141,0.834617663,,30.45237636,,23.85459102,23.37064575,30.24951575,27.72004776,28.39426344,34.97922671,58.9195243,36.8444485,25.18393348,26.04022757,31.93111346,28.30940685,28.13242909,34.66831775,62.75051291,37.69618289,24.23250419,25.75783598,32.12037918,28.79497505,28.74991915,35.2371196,62.88459865,36.31761124,25.42351033,25.89176718,32.19171128,28.55949419,28.93818018,36.70858525,58.15596967,39.00690018,25.01893459,24.79210939,32.31636851,28.92589222,28.13729794,34.05237337,50.60527978,33.84703281,23.57428609,22.87410337,20.68143413,18.85112252,19.11215079,23.90575226,32.79397658,26.61984899,20.81474705,19.70110106,19.56786539,16.99596914,17.62234672,22.1369022,28.95464143,25.41609119
0.832321377,0.912382861,1.171935389,1.059666458,1.044173484,1.163588063,1.636518953,1.180609769,0.863091765,0.960593685,1.22555748,1.036926251,1.012786151,1.151697645,1.552332121,1.117012512,0.852744947,0.92801954,1.148645136,1.006485394,0.988006808,1.079215404,1.48397275,1.082899724,0.852405503,0.904902725,1.112592319,1.006485394,0.995107858,1.09025102,1.367516529,1.089923965,0.911082075,0.935675592,1.055385015,0.997471571,0.979736291,1.050650156,1.303012438,1.05431961,0.9013522,0.877943018,0.862120512,0.776355394,0.73838237,0.879875614,1.110927314,0.964605059,0.763949617,0.650672268,0.601614075,0.520534262,0.482922658,0.776501577,0.958950979,0.93559135,,32.35649353,,26.93100125,29.52151014,37.91971983,34.28709089,33.78579258,37.64962963,52.95201491,38.20039235,27.92662311,31.08144335,39.65474267,33.55129753,32.77020854,37.2648974,50.22802423,36.14260812,27.59183636,30.02745824,37.16612891,32.56633814,31.96843589,34.91962624,48.01615468,35.03883791,27.58085314,29.27947917,35.99958617,32.56633814,32.19820097,35.27670007,44.24803972,35.26611772,29.47942127,30.27518124,34.14855841,32.27468243,31.70083096,33.99535497,42.16091352,34.11408564,29.16459663,28.40715758,27.89519677,25.12013828,23.89146438,28.46968961,35.94571245,31.21123735,24.71873084,21.05347303,19.46612193,16.84266348,15.62568386,25.12486825,31.02829115,30.27245546
0.803096368,0.855147292,1.083375147,0.967550632,0.93648259,1.066056219,1.565790671,1.15372354,0.895857055,0.929575828,1.117465517,1.015110179,0.991189198,1.148439422,1.772503021,1.220232091,0.923677334,0.939257185,1.131098197,1.032032736,1.003290895,1.110826306,1.553703837,1.221215586,0.931215812,0.929469303,1.06784732,0.997558382,0.961134379,1.046430907,1.3824642,1.128630789,0.892904092,0.878882474,0.958790836,0.90775809,0.876432407,0.956157447,1.12668114,1.110149998,0.8905878,0.858377715,0.807711611,0.725452274,0.659758762,0.868016958,1.078113324,1.104796514,0.842074486,0.774391687,0.740388023,0.624692328,0.582942092,0.808162483,0.997303218,1.0480263,,31.22037131,,25.07296681,26.69801598,33.82337436,30.20728999,29.23733419,33.28267099,48.88456614,36.01967731,27.9689899,29.02170251,34.88768837,31.69211671,30.9452948,35.85470518,55.33820246,38.09609897,28.83754934,29.32395807,35.3133057,32.22044522,31.32311427,34.68040973,48.5072107,38.12680404,29.07290342,29.01837676,33.33858983,31.14414309,30.00697219,32.66996147,43.16104565,35.2362723,27.8767973,27.43903718,29.93380591,28.34054463,27.36254517,29.85159053,35.17540354,34.65929515,27.8044818,26.79887099,25.21705641,22.64888936,20.59791352,27.09981173,33.65909829,34.49215739,26.28987812,24.17679601,23.11518899,19.50312643,18.19966856,25.2311328,31.13617677,32.71977023
0.939504025,0.913128067,1.007772741,0.926396619,0.854101853,1.018408376,1.242513053,1.208443674,0.947189649,0.951836891,1.183437456,1.056917067,1.02114006,1.175770026,1.740246208,1.237967177,0.931932763,0.945060963,1.122503482,1.037119504,0.986675613,1.103150369,1.549002315,1.186631785,0.920335451,0.942708751,1.079331953,1.030697056,1.005139824,1.094024828,1.446152191,1.172035078,0.90953867,0.941032313,1.084589991,1.023692404,0.95064649,1.05064537,1.383520986,1.146199739,0.867913623,0.805386383,0.800637775,0.673873068,0.57995615,0.835268566,1.047068968,1.049101487,0.865306697,0.756008135,0.588780192,0.381294344,0.350016428,0.843926264,1.045587465,1.042733622,,36.52321897,,34.31371123,33.35037634,36.80710449,33.83498657,31.194549,37.19555212,45.38057631,44.13625292,34.59441496,34.76414719,43.22294534,38.60201347,37.29532201,42.94290612,63.55939332,45.21454628,34.03718437,34.51666849,40.99744047,37.87894274,36.03656947,40.29060248,56.57455074,43.33961252,33.6136132,34.43075814,39.42067726,37.64437427,36.71094189,39.95730835,52.81813314,42.80649379,33.21928001,34.36952923,39.61271773,37.38854183,34.72066992,38.37295091,50.53063992,41.86290405,31.6989993,29.41530322,29.24186877,24.61201362,21.18186546,30.50669673,38.24232919,38.31656333,31.60378597,27.61185066,21.50414788,13.92609682,12.78372664,30.82290373,38.18821994,38.0839884
0.916573285,0.90600576,1.048962802,0.984194453,0.949628064,1.036858931,1.501555204,1.179623586,0.902174517,0.94036602,1.079546786,1.00538722,0.969757207,1.071378598,1.57683611,1.233491856,0.942028791,0.900588701,1.075300537,1.016650085,0.995600235,1.062498578,1.540381583,1.245406087,0.931447523,0.877046068,1.027819506,0.965324069,0.922836845,1.032469767,1.561316002,1.225480325,0.882064612,0.872755845,1.021402036,0.999310549,0.946082653,1.046854793,1.355838788,1.195759332,0.935064393,0.886033274,0.848688272,0.726423792,0.645975929,0.910804433,1.033442694,1.102701897,0.887171104,0.81220901,0.566190426,0.380842355,0.371879884,0.833269855,1.031579291,1.083119682,,35.63178645,,32.65914356,32.28260376,37.37641855,35.06860657,33.83694438,36.94513601,53.50309437,42.03209571,32.14608973,33.50692121,38.46618054,35.82374272,34.55418171,38.17513341,56.18548754,43.9515184,33.56616871,32.08958427,38.3148791,36.22505872,35.47501496,37.85872243,54.88654762,44.37604374,33.18913923,31.2507182,36.62304515,34.39622108,32.88232539,36.78874225,55.63247836,43.66605324,31.42953789,31.09784989,36.39437923,35.60722008,33.71061506,37.30130643,48.31095815,42.60704116,33.31801477,31.57094841,30.24027927,25.88377743,23.01727635,32.45358905,36.82340938,39.29123851,31.61149132,28.940458,20.17437635,13.57009346,13.25074461,29.69089353,36.757013,38.59348921
0.968065261,0.964959207,1.091106366,1.046342093,1.036824155,1.143412214,1.600068686,1.241119718,0.979195683,0.976153843,1.136101334,1.065979677,1.053584002,1.136201222,1.569108039,1.262928685,0.996621452,0.988649406,1.098700263,1.025453525,1.015010431,1.128295769,1.529288241,1.253884028,0.978760455,0.976363133,1.084090395,0.985105746,0.983317268,1.118437735,1.491720689,1.226964104,0.983880924,0.959218002,1.059950698,1.003941845,0.967123456,1.052899053,1.291622818,1.213807375,0.987177241,0.942986137,0.703753417,0.264525092,0.071876041,0.796240563,1.02463777,1.107302557,0.897146874,0.76854824,0.354890799,0.228336951,0.272387736,0.774824014,1.02373164,1.097377931,,37.63353702,,36.43171984,36.31482804,41.06219182,39.37755389,39.01936022,43.03064588,60.21624413,46.70772485,36.85059699,36.73612179,42.75551161,40.11658564,39.65009254,42.75927075,59.05108547,47.52847342,37.50639031,37.20637402,41.34797702,38.5914432,38.19843263,42.46176059,57.55252563,47.18809099,36.83421782,36.74399811,40.79815601,37.07301356,37.00570681,42.0907679,56.13872577,46.17499903,37.02691918,36.09876619,39.88969383,37.78188259,36.39627638,39.62431549,48.60833514,45.67986478,37.15097124,35.4879037,26.48473027,9.955014843,2.70494965,29.9653487,38.56074345,41.67171177,33.7628101,28.92318864,13.35579602,8.593127098,10.25091395,29.15936821,38.52664257,41.29821299
0.98720372,0.954594769,1.016208744,0.788093406,0.694496565,1.060418652,1.234035795,1.264429778,0.946918671,0.81464934,0.80255909,0.77990434,0.834431472,1.066290157,1.219272853,1.25697202,1.069389007,1.057246145,1.150322128,1.100887843,1.096555241,1.171169654,1.432964597,1.335524445,1.099777729,1.072287931,1.153576183,1.090825788,1.07664684,1.174318485,1.575906283,1.398877248,1.119386241,1.083439056,1.172971616,1.099104294,1.021248979,1.20769031,1.567091134,1.35780828,1.095192588,0.982863225,0.572284027,0.297801687,0.046704589,0.910661075,1.145647547,1.227619756,1.010021567,0.830646035,0.305208149,0,0,0.77484043,1.1410361,1.253978394,,38.37754462,,37.88645481,36.63500334,38.99959642,30.24508985,26.65307291,40.69626413,47.35926379,48.52571022,36.34041355,31.2642414,30.80024729,29.93081361,32.02343105,40.92159808,46.79269832,48.23949978,41.04052433,40.5745111,44.14653879,42.24937232,42.08309769,44.94661565,54.99366276,51.25414898,42.20676887,41.15177792,44.27142144,41.86321535,41.31906214,45.06746006,60.47941369,53.685474,42.95929541,41.57973071,45.01577053,42.18092409,39.19302826,46.34818876,60.14110992,52.10934785,42.03080241,37.71987727,21.96285578,11.42889753,1.792407448,34.94893604,43.96713985,47.11303196,38.76214775,31.87815527,11.71313936,0,0,29.73647318,43.79016384,48.12461177
1.097506366,1.039467935,1.10078624,0.931149971,0.912346822,1.203064637,1.365171981,1.295267963,1.09145311,1.017160413,1.083398529,0.928549069,0.927577153,1.17852034,1.473851333,1.34129023,1.082292462,1.075201583,1.18054083,1.127572787,1.102924455,1.21631007,1.445709579,1.282403083,1.080759299,0.9923396,1.105358351,0.970782233,0.927437526,1.170254949,1.356033235,1.28660833,1.092126607,1.067828712,1.165211938,0.994902172,0.869160906,1.178698297,1.366535401,1.282285358,1.112301389,0.995600309,0.398838525,0,0,0.745248485,1.155008191,1.209260258,1.056592817,0.779520153,0,0,0,0.785830761,1.143898235,1.212061018,,42.66555998,,46.82572369,44.34948153,46.96566135,39.72803494,38.92578806,51.32942643,58.24582704,55.26333297,46.56745813,43.39771861,46.22380492,39.617066,39.57559866,50.28223025,62.88269245,57.22689876,46.17661395,45.87407763,50.36843559,48.10852438,47.05688949,51.89455025,61.68200876,54.71444566,46.1112007,42.33872472,47.16073302,41.41896759,39.56964139,49.92958272,57.85591732,54.89386487,46.59619326,45.55950996,49.71441983,42.44805829,37.08323677,50.28982289,58.30399812,54.70942285,47.45696163,42.4778447,17.01666901,0,0,31.79644394,49.27907125,51.59376607,45.08012421,33.25866384,0,0,0,33.52790947,48.80505876,51.71326206
1.134253604,1.10625242,1.227426267,1.038022589,1.043960792,1.31051648,1.475387883,1.381641035,1.206853786,1.188575069,1.246532047,1.160850565,1.018616328,1.286311461,1.430657984,1.3853896,1.219387678,1.19117824,1.26633399,0.986976656,0.9895471,1.305104861,1.463675105,1.375084022,1.218822418,1.118952915,0.857359613,0.33797215,0.243654093,1.111229681,1.291975959,1.325599991,1.141515705,1.095408357,1.139171365,0.788725175,0.573379049,1.099689456,1.300484606,1.304256971,1.183571033,0.974091708,0.22160197,0,0,0.695623914,1.160210929,1.223942481,1.072515336,0.793961266,0,0,0,0.764799811,1.233522147,1.28942634,,44.09410886,,50.01390189,48.77921463,54.12226743,45.77068104,46.03252081,57.78605633,65.05591392,60.9222302,53.21514222,52.40915848,54.96471978,51.18667118,44.91497925,56.71875759,63.08358889,61.08751984,53.76781302,52.52394299,55.83786881,43.51985611,43.63319755,57.54743581,64.53944942,60.63310456,53.74288838,49.33923164,37.80450811,14.90258077,10.7437101,48.99868252,56.96852858,58.45115031,50.33411776,48.30105534,50.23074618,34.77813373,25.2826382,48.48982659,57.34370979,57.51004886,52.18850997,42.95170581,9.771341389,0,0,30.67291659,51.158467,53.968653,47.29160798,35.00901449,0,0,0,33.72316612,54.39105983,56.8561054
1.172431999,1.072026689,1.236259631,1.04645269,0.975874109,1.299830632,1.379430555,1.359494567,1.266942668,1.12999634,1.183275941,0.792524826,0.725410755,1.262119066,1.39179071,1.353628731,1.147371261,1.051739799,1.178279505,0.899269953,0.835345745,1.208669251,1.361492618,1.333928424,1.229854347,1.160888872,1.200129745,0.922546142,0.873257404,1.221435301,1.318554172,1.312379332,1.246323206,1.217114484,1.263263427,0.940726228,0.76947785,1.229783643,1.311889639,1.31665825,1.235340475,0.923128719,0,0,0,0.532165491,1.115858103,1.266929575,1.103267504,0.756302658,0,0,0,0.491381771,1.127115795,1.250641405,,45.57829396,,53.4374503,48.86114756,56.34660487,47.69552832,44.47867701,59.24406264,62.87209133,61.96344301,57.74508535,51.50330536,53.93169867,36.12192949,33.06298463,57.5252338,63.43544611,61.69608821,52.29522462,47.93650573,53.70396965,40.98719027,38.07363392,55.08908242,62.05451077,60.79818183,56.05466296,52.91133426,54.69986631,42.04807925,39.80158266,55.6709372,60.09744965,59.81601098,56.80528545,55.47400173,57.57739182,42.87669656,35.07148764,56.05144039,59.79369161,60.01103676,56.30471131,42.07463212,0,0,0,24.25519518,50.85890864,57.7444886,50.28505061,34.47098487,0,0,0,22.39634281,51.37201503,57.0021016
1.116105984,0.840914521,0.350981954,0,0,0.822008227,1.315139001,1.344123421,1.300815214,1.244106909,1.31070739,1.183088047,1.112629643,1.354757709,1.37824472,1.374865749,1.317704809,1.291515146,1.331810174,1.201182915,1.159282612,1.352428744,1.379394729,1.365049888,1.308844219,1.183343312,1.189156512,0.868441036,0.870696316,1.319278505,1.372789418,1.373518371,1.303299442,1.280346645,1.324315383,1.105179589,0.964883838,1.255091199,1.350947155,1.344699741,1.208280334,1.030671366,0.038325405,0,0,0.642581062,1.15175361,1.250285901,1.014273669,0.663044815,0,0,0,0.580012899,1.240120038,1.318962713,,43.38862013,,48.42629856,36.48612071,15.22862267,0,0,35.66580271,57.06206653,58.31966052,56.44057718,53.98008208,56.86978505,51.33255785,48.27546493,58.7810676,59.8001366,59.65352771,57.1733934,56.03706006,57.78540572,52.11766921,50.29967288,58.68001703,59.85003391,59.22763105,56.78894463,51.34363345,51.59586017,37.68045822,37.7783117,57.2416739,59.56343858,59.59506684,56.5483644,55.55247421,57.46021709,47.95221736,41.86497832,54.45667526,58.61573292,58.34466625,52.42561642,44.71940838,1.662886439,0,0,27.8807056,49.97299987,54.24818001,44.00793493,28.76859961,0,0,0,25.16595935,53.80709724,57.22797212
1.176408669,1.093951947,1.209479505,1.03199987,0.981426586,1.252785812,1.308663496,1.291573267,1.171060195,1.103501112,1.24102591,1.08138057,1.104384453,1.264890526,1.347749097,1.345104674,1.264452382,1.209295433,1.270576035,1.076174688,1.060575188,1.25188619,1.328416294,1.342628769,1.248108814,0.988641712,0.927809625,0.655581888,0.551186829,1.236890759,1.340549527,1.341221003,1.24932473,1.152691829,1.197416272,0.847992399,0.58034055,1.208110628,1.29933024,1.310488666,1.152266648,0.752284787,0,0,0,0.481052598,1.246374384,1.279813365,1.178041989,0.869668626,0,0,0,0.673999512,1.196088876,1.225333077,,45.73288701,,53.80056474,50.02958079,55.31298954,47.19633345,44.88347117,57.29351199,59.8489598,59.06737428,53.55596358,50.46629167,56.75569772,49.45465542,50.5066894,57.84709551,61.63645717,61.51552007,57.82705792,55.3045714,58.10711025,49.21657541,48.50316524,57.25236968,60.75231228,61.40228979,57.07961937,45.21343971,42.43141275,29.98165241,25.20736497,56.56658533,61.30720005,61.33790859,57.13522672,52.71592517,54.76130307,38.78114057,26.5406488,55.25038685,59.42212305,59.93243009,52.69648042,34.40415516,0,0,0,21.99992411,57.00029888,58.52956002,53.87526118,39.77245701,0,0,0,30.82394353,54.70059742,56.03801916
1.145612883,1.113568184,1.272988137,1.225844523,1.211921583,1.279459829,1.300941154,1.292403214,1.235964036,1.193121279,1.27078669,1.108644902,1.044831005,1.270340278,1.284066796,1.289194152,1.212191981,1.12433308,1.22379103,0.920055142,0.828410671,1.232946293,1.27578905,1.276115568,1.141707419,1.058458037,1.159688878,0.948691807,0.921236219,1.250399711,1.265769024,1.273926876,1.211431806,1.177496873,1.272309591,1.018745263,0.756372596,1.190447911,1.269013798,1.284528514,1.198950138,0.822076728,0,0,0,0.568861953,1.165423353,1.248710999,1.070597881,0.485901412,0,0,0,0.274253447,1.128437516,1.203240791,,44.53570083,,51.02067262,49.5935395,56.69341883,54.59384494,53.97377705,56.98164017,57.93832603,57.55808289,55.04452454,53.13649234,56.59537584,49.37427768,46.53228106,56.57549457,57.18681467,57.41516507,53.98581941,50.07296168,54.50239119,40.97530055,36.89384981,54.91012724,56.81815945,56.83270116,50.84674005,47.13917048,51.64755693,42.2506545,41.02790064,55.68742745,56.37191057,56.73522623,53.95196449,52.44064846,56.66319931,45.37053425,33.68558365,53.01743202,56.51641886,57.20737761,53.39608466,36.61176322,0,0,0,25.33466575,51.90294579,55.61221947,47.67982694,21.63995992,0,0,0,12.21406947,50.25575562,53.58717189
1.325134905,1.110430528,1.302845867,1.016749136,0.933806131,1.304207243,1.417011271,1.431050931,1.181825672,1.005042447,1.192277841,0.911631682,0.887117036,1.387438748,1.449344572,1.435951376,1.240146541,1.193674709,1.367953586,1.134752756,1.103534921,1.408526124,1.477507552,1.469585209,1.352828882,1.220648704,1.29426185,1.098403777,0.944289482,1.309411906,1.377632788,1.384325584,1.157089961,0.896879848,0.836696074,0.496524596,0.190018361,0.912634967,1.31337688,1.40092828,1.18565096,0.741049814,0,0,0,0.394623614,1.003132846,1.264963123,1.029650513,0.570338907,0,0,0,0.407953432,1.170475806,1.358662262,,20.46547959,,27.11952135,22.72549331,26.6633655,20.80825869,19.11079031,26.69122671,28.99981525,29.28714362,24.18662917,20.56867569,24.40053782,18.65697958,18.15527559,28.39459938,29.66153176,29.38743358,25.38019372,24.42912539,27.99582619,23.22325937,22.5843714,28.82616264,30.23790065,30.0757661,27.68629187,24.98116114,26.48768948,22.47936008,19.32533712,26.79774264,28.19391571,28.33088699,23.68040098,18.35507622,17.12338643,10.16161399,3.888816889,18.67751229,26.87888773,28.67066912,24.26491552,15.16593984,0,0,0,8.076161518,20.52959479,25.88807698,21.07229156,11.67225926,0,0,0,8.348962636,23.95434872,27.80567479
1.130996008,1.011132849,1.282670339,1.164535741,1.220011523,1.432123793,1.430026155,1.413684097,1.260672105,1.154552707,1.302694431,1.036508151,0.845137715,1.286503341,1.376681465,1.383510982,1.22027012,1.140526522,1.307302815,1.130246482,1.013392957,1.356077377,1.428729574,1.395193051,1.193753108,1.02386959,1.204680335,0.89340584,0.672432656,1.200636542,1.356760329,1.386612507,1.032086116,0.783985038,1.024008312,0.762788861,0.388453456,0.974353589,1.185840111,1.250587014,1.006305536,0.660318095,0,0,0,0.747523504,1.228355138,1.317554793,1.139604794,0.648177601,0,0,0,0.402022294,1.374221812,1.418482731,,27.62751741,,31.2466119,27.93509039,35.43699712,32.17323146,33.70588959,39.56602502,39.50807249,39.056582,34.82924053,31.89742501,35.99021307,28.63614699,23.34905694,35.54289345,38.03429114,38.22297374,33.71303399,31.50991634,36.11753128,31.22590436,27.99753156,37.46505134,39.47225118,38.54572031,32.98043477,28.28697492,33.28232693,24.6825854,18.57764491,33.17060697,37.48391961,38.30866118,28.51397714,21.65956029,28.29080747,21.07396254,10.73200462,26.91897074,32.76181831,34.5506145,27.80172372,18.24294967,0,0,0,20.65221862,33.93640296,36.40076798,31.48445129,17.90753796,0,0,0,11.10687793,37.96633704,39.18915635
1.205305889,1.077395041,1.321195071,1.104021778,0.973556797,1.329257968,1.394061447,1.350514236,1.187323232,1.091055531,1.264699278,1.095585389,1.042264282,1.347377403,1.411191631,1.404062466,1.191926275,1.063717391,1.231627523,0.982727805,0.888122398,1.2512914,1.314464635,1.31365456,1.070960749,0.998682296,1.181929672,1.087012928,1.012152481,1.277206483,1.376805082,1.366001558,1.192986691,1.030392847,1.136056486,0.975007765,0.83885858,1.141803577,1.242254395,1.221926483,1.07791846,0.732383479,0,0,0,0.588882397,1.09457595,1.269842371,0.99991578,0.495803413,0,0,0,0.448772324,1.099006127,1.206462201,,26.75301118,,32.24556192,28.82356158,35.34594651,29.53590697,26.04557587,35.56165328,37.29534148,36.13032245,31.7644717,29.18902082,33.83451392,29.31020816,27.88370799,36.04640273,37.75362548,37.56289885,31.88761696,28.45764325,32.94974489,26.29092795,23.75994844,33.47581281,35.16588708,35.14421513,28.65142489,26.71775863,31.62017773,29.08086902,27.07812664,34.16911932,36.83368175,36.54465495,31.91598628,27.56611136,30.39293187,26.08439364,22.44199297,30.54668386,33.23404572,32.69021286,28.83756461,19.5934634,0,0,0,15.75437735,29.28320263,33.97210715,26.75075804,13.26423425,0,0,0,12.006011,29.4017232,32.27649675
1.150114799,0.946614774,1.161288688,1.046798207,0.950984237,1.282296844,1.350583167,1.403000355,1.174362374,1.072424504,1.235437653,1.023555803,0.895066468,1.337372194,1.371479016,1.478548293,1.315252053,1.124423756,1.183909986,0.818325419,0.76164407,1.251271751,1.3849857,1.391504762,1.169673564,1.043316629,1.272895562,0.911652413,0.66090228,1.348304881,1.458525321,1.49600251,1.227265268,1.03061483,1.259557788,0.703059263,0.503137879,1.215869761,1.397341522,1.446136488,1.097745657,0.553853031,0,0,0,0.532661221,1.358879274,1.456938574,1.138654713,0.552482077,0,0,0,0.484119662,1.223423509,1.345741452,,24.32176833,,27.97282569,23.02334523,28.24459443,25.45998348,23.1296183,31.18772677,32.8485709,34.1234496,28.5625696,26.08326034,30.04802838,24.89468711,21.76959927,32.52725667,33.3567949,35.96090905,31.98925573,27.3479741,28.7947844,19.90312126,18.52453062,30.43314165,33.68530134,33.84385645,28.44852945,25.37530535,30.95907097,22.17299879,16.07431214,32.79315895,35.47391496,36.38542647,29.84926153,25.06637513,30.63467272,17.09964452,12.23720293,29.57210265,33.98581678,35.17259663,26.69911555,13.47068511,0,0,0,12.95526282,33.05034689,35.43532247,27.69409614,13.43734108,0,0,0,11.77464626,29.75582316,32.73081183
1.127583539,0.891552322,1.096989271,0.90665193,0.830064721,1.350966196,1.441476489,1.485247397,1.297654997,1.204802196,1.343270774,1.061673927,1.017394507,1.421892928,1.473034925,1.484610079,1.212782651,0.911357771,1.009297378,0.60805269,0.678581517,1.350292679,1.394686929,1.445848269,1.257783471,1.097710363,1.229065015,0.742455736,0.737838197,1.317218991,1.39861404,1.450292726,1.217621462,1.015286884,1.211446519,0.996017342,0.778918643,1.304660187,1.360772428,1.437255653,1.145405809,0.636656568,0,0,0,0.449996051,1.200466978,1.389948971,1.103754013,0.602130773,0,0,0,0.546007211,1.118141054,1.208768832,,26.86250736,,30.28972112,23.94933081,29.46788237,24.35494414,22.29761968,36.29033938,38.7216728,39.89746913,34.85826691,32.36400786,36.08362105,28.51922368,27.32976743,38.19560924,39.56941151,39.88034917,32.57838289,24.48135483,27.11225824,16.33381986,18.22840099,36.27224703,37.4647879,38.83910977,33.78721775,29.48725271,33.01576801,19.94422267,19.820184,35.38380484,37.57027994,38.95849903,32.70836548,27.27315139,32.54249103,26.75552318,20.92370778,35.04644388,36.55375936,38.60829056,30.76847197,17.10219174,0,0,0,12.08802223,32.24755303,37.33751446,29.6496003,16.17474232,0,0,0,14.66712272,30.03607229,32.47056165
1.0303011,0.916188865,1.073425917,0.897735564,0.940933671,1.34875304,1.457395852,1.495459145,1.250156726,1.061572099,1.24620604,1.112080178,0.939910968,1.421291907,1.457461909,1.45966093,1.213076278,1.110434746,1.194106826,0.964456998,0.935728765,1.358048211,1.404147038,1.403485314,1.116012275,1.046145463,1.200825397,0.721652125,0.673172794,1.255910696,1.375607465,1.452847712,1.162912721,1.023877394,1.002649638,0.668219002,0.472260046,1.18291358,1.411242122,1.421487888,1.225446476,0.946967951,0,0,0,0.678488228,1.243260562,1.381038009,1.092127595,0.645899286,0,0,0,0.370264733,1.188530017,1.348222738,,24.56513785,,25.30948855,22.50630577,26.36885562,22.05299788,23.11416534,33.13230435,35.80113001,36.73616005,30.71027231,26.07766495,30.61322316,27.31840287,23.0890425,34.91423162,35.80275271,35.85677196,29.79938599,27.27798261,29.33339879,23.69201911,22.9863061,33.36064151,34.49306555,34.47681021,27.41499538,25.69870751,29.49844141,17.72748393,16.53658248,30.85161937,33.79198701,35.68940432,28.5671113,25.15168933,24.63022657,16.4148919,11.60113313,29.05843516,34.66735727,34.91904592,30.10326161,23.26239826,0,0,0,16.66715685,30.54086709,33.92538907,26.82826492,15.866605,0,0,0,9.095604207,29.19640371,33.11927741
0.977718765,0.87336573,1.079156524,0.790889342,0.803431067,1.356285099,1.380045319,1.347468073,1.060825638,0.994629291,1.242044379,0.941923454,0.884483954,1.273954054,1.281883368,1.290510762,1.034490045,0.941720421,1.138066413,1.015883548,0.988071475,1.139731496,1.294759474,1.349917998,1.141547879,1.127464731,1.279078595,1.151347935,1.067331639,1.451090461,1.479902131,1.468797605,1.243821536,1.211003358,1.326382684,1.030044526,0.922139423,1.352746918,1.387590007,1.358564477,1.061462239,0.711924848,0,0,0,0.564730054,1.165821853,1.304393151,1.051038333,0.539682878,0,0,0,0.552917838,1.175540343,1.392378868,,24.29342706,,23.7521395,21.21704666,26.2164103,19.21341254,19.51809402,32.94881313,33.5260303,32.73461735,25.77109026,24.16295413,30.17351453,22.88254873,21.48714642,30.94870989,31.1413401,31.35092907,25.13130845,22.87761636,27.64753339,24.67929287,24.00364231,27.68798397,31.45414484,32.79413442,27.73211013,27.38998221,31.07320255,27.97018708,25.92914332,35.25196027,35.95189448,35.68212748,30.21668776,29.41942175,32.22238099,25.02331156,22.40192681,32.86285858,33.70931662,33.00418703,25.78655548,17.29509437,0,0,0,13.71922838,28.32180815,31.68817987,25.53332308,13.11074663,0,0,0,13.43226917,28.55790358,33.82565447
1.059826881,1.006954486,1.14312657,1.000640513,1.021901929,1.212588663,1.228195729,1.200832579,1.009838942,0.994922654,1.183791336,1.119311121,1.095578199,1.179690914,1.182666952,1.198034174,1.04496402,1.021172849,1.135919174,1.130040521,1.044917519,1.209096419,1.285724302,1.292050829,1.145221544,1.06969969,1.190246353,1.151048802,1.148133949,1.302738623,1.253392319,1.280783002,1.061178457,1.082475116,1.206639034,1.098635295,0.988827087,1.254311929,1.248834649,1.218966586,1.033593818,0.876955355,0.383197647,0,0,0.926833357,1.096233172,1.147200462,0.959705187,0.731093404,0,0,0,0.770314156,1.159321013,1.212632716,,26.43113186,,28.01242404,26.6149468,30.2141291,26.44806134,27.01002463,32.05009084,32.46260326,31.73936424,26.69118623,26.29693186,31.2889449,29.58465983,28.95737184,31.1805661,31.25922615,31.66539923,27.6195818,26.99075422,30.02362947,29.86825002,27.61835273,31.95778688,33.98314856,34.15036583,30.26950164,28.27337356,31.4595583,30.42352266,30.3464798,34.43285632,33.12857766,33.85254441,28.04814772,28.61104253,31.89283542,29.03817435,26.13581912,33.15288399,33.00811328,32.21866657,27.31905449,23.17892262,10.12834754,0,0,24.49725467,28.97468352,30.32180668,25.36609434,19.32362616,0,0,0,20.36027503,30.64216656,32.05125521
1.060787788,0.979152337,1.174807297,1.113836334,1.174309013,1.266331927,1.332979038,1.329037703,1.182845397,1.142870528,1.237296713,1.023597188,1.083160631,1.328823529,1.320920927,1.264407999,0.966474664,0.860706177,1.134685362,0.705114262,0.775262908,1.32361632,1.324030099,1.317730164,0.993917032,0.993765361,1.222527181,1.111272709,1.089455642,1.378235188,1.339486621,1.278133641,1.097322985,1.024725698,1.23533572,1.080611546,0.883688324,1.165344281,1.211628555,1.192100066,0.961868951,0.721717069,0.21884281,0,0,0.870117208,1.192911598,1.282946477,1.047213787,0.669697959,0,0,0,0.756882452,1.22635295,1.331113884,,31.13949595,,33.03239703,30.49031023,36.58290707,34.68430201,36.56739075,39.43293791,41.50829536,41.38556417,36.83320945,35.58841218,38.52879598,31.87430049,33.72907608,41.3788949,41.13281186,39.37302776,30.09553389,26.80195651,35.33353023,21.95690271,24.14129618,41.21674504,41.22962991,41.03345311,30.95007539,30.94535243,38.0688802,34.60447202,33.92509955,42.91754905,41.71093821,39.80043734,34.17008465,31.90944172,38.46773165,33.64969886,27.51760899,36.28823352,37.72950248,37.12139518,29.9521143,22.47390575,6.814654796,0,0,27.09501127,37.14666587,39.95030662,32.60970948,20.85405688,0,0,0,23.56893805,38.18801272,41.4502154
1.079013655,1.112851028,1.273053683,1.121686627,1.08848693,1.301184394,1.312243755,1.299155179,1.121538016,0.984572717,1.140406209,1.014813434,0.99902592,1.202094202,1.296985458,1.305002346,1.01542436,1.007207523,1.234212173,1.150827893,1.162154753,1.289979125,1.296990862,1.262061874,1.117255318,1.11940072,1.29428344,1.156521045,1.137217828,1.211545861,1.261994323,1.267873915,0.991171045,0.898884967,1.129219854,1.090589101,0.954701906,1.145915624,1.248724712,1.234090582,0.985761605,0.808059329,0.25888368,0,0,0.788625604,1.162181773,1.189147914,0.931469414,0.589745288,0,0,0,0.847261559,1.074005194,1.034496285,,31.54335853,,34.03571458,35.10305897,40.15638875,35.38176343,34.33453349,41.04372585,41.39257524,40.9797176,35.37707574,31.05673021,35.97224192,32.01062399,31.51263278,37.9180884,40.91127731,41.16415688,32.02989465,31.77070801,38.93119708,36.30097684,36.65826404,40.69027404,40.91144777,39.80967018,35.24198507,35.30965825,40.82604659,36.48055797,35.87166968,38.21622547,39.80753939,39.99300147,31.26486364,28.35385079,35.61938671,34.40084302,30.11450451,36.14602737,39.3889713,38.92736169,31.09423173,25.48890513,8.166060736,0,0,24.87590017,36.65911634,37.509719,29.38167369,18.60254706,0,0,0,26.72547512,33.8777309,32.63148722
0.860041736,0.896191569,1.18013905,0.871366832,0.797143937,1.240047511,1.238777703,1.200260208,0.937107228,0.906407885,1.19206995,0.960631656,0.990556786,1.211519168,1.267319273,1.208527184,0.985379675,1.080887719,1.209209706,1.106368524,1.081776584,1.234677283,1.259785081,1.247518212,1.013937329,1.043809392,1.195014051,1.062389004,1.063115969,1.175694723,1.224791302,1.172210689,0.963095876,0.99561353,1.256070894,1.235346577,1.161340608,1.296683572,1.302212525,1.289416569,1.169292777,1.051578974,0.773705407,0,0,0.925709303,1.252822303,1.251970474,1.030936666,0.802720509,0.095485547,0,0,0.743050242,1.182472321,1.105802401,,32.41334935,,27.87683324,29.04857041,38.25225931,28.24391754,25.83810491,40.19409318,40.15293445,38.90445343,30.37478396,29.37971543,38.63897974,31.13728946,32.10726316,39.26939404,41.07806233,39.17241381,31.93945565,35.03519124,39.19453664,35.86110948,35.06400234,40.02002611,40.83385394,40.43624363,32.86510486,33.83335848,38.73440791,34.43558593,34.4591493,38.10820379,39.69958835,37.99527457,31.21716309,32.27116917,40.7134647,40.04172017,37.64293884,42.02985762,42.2090695,41.79430971,37.90069527,34.08519665,25.07838365,0,0,30.00533903,40.60816698,40.58055635,33.41611031,26.01886029,3.095006393,0,0,24.08474708,38.32788844,35.84275954
0.835788943,0.952284725,1.230705018,1.066671154,1.031387266,1.215542835,1.377852802,1.306221332,1.037924763,1.012123998,1.354419838,1.080478542,0.934585417,1.346559291,1.407097891,1.340725141,1.056746023,0.99802237,1.22525357,1.063898983,0.937071882,1.333583194,1.372126029,1.276031877,0.953595743,0.988947031,1.218207987,1.001319091,0.977651164,1.236289035,1.289834171,1.25887105,1.06197454,1.137689226,1.288606274,1.184795597,1.09304969,1.166122104,1.258474361,1.1904118,0.889423065,0.757857885,0.510079077,0,0,1.006924198,1.193409408,1.150265881,0.743577873,0.497536343,0.039438377,0,0,0.811777602,1.14755943,1.153209112,,32.14939296,,26.87010716,30.61537583,39.56641924,34.29283009,33.15847451,39.07896426,44.29713117,41.9942229,33.36865107,32.53917214,43.5437756,34.73672923,30.04635383,43.29106379,45.23734303,43.10349941,33.97374315,32.08581336,39.3911585,34.20370647,30.12629217,42.87389015,44.1130189,41.02365024,30.65752427,31.79404672,39.16464728,32.19180093,31.43089145,39.745942,41.46738562,40.47194007,34.1418368,36.57601799,41.42790947,38.09045923,35.14088401,37.49011776,40.45918676,38.27101674,28.59441162,24.36467095,16.39873269,0,0,32.37200172,38.36738802,36.98034982,23.90557724,15.9954914,1.26791988,0,0,26.09815712,36.89333906,37.07497291
0.857598143,0.912716404,1.343515354,1.200344674,1.188430825,1.403882964,1.433139545,1.396882562,1.205258121,1.181290359,1.396131819,1.360905708,1.37914485,1.380598715,1.395344659,1.304249796,1.155053559,1.078175198,1.268634307,1.06913157,1.024866733,1.314396036,1.354378723,1.274477779,1.089677343,1.072948232,1.296361388,1.036988269,1.054106899,1.101247279,1.301468124,1.155720348,0.912387282,0.835784259,1.221824898,0.893145869,0.821402565,1.131225862,1.214841304,1.062384376,0.732690388,0.536348309,0.44891556,0,0,0.766241332,1.164625537,1.153694938,0.530902534,0.425495925,0,0,0,0.794133689,1.218211245,1.148677843,,33.55269236,,28.77472666,30.62409272,45.07855735,40.27479557,39.87505386,47.1040532,48.08569026,46.86917087,40.43965495,39.635472,46.84398142,45.66205055,46.27402287,46.32280396,46.81757008,43.76109217,38.75515672,36.17568073,42.56609662,35.87224266,34.3870382,44.10152584,45.44305263,42.76216084,36.56160866,36.00030195,43.49641484,34.79374837,35.3681245,36.94981116,43.66775958,38.77752929,30.61304979,28.04281212,40.99551492,29.96744858,27.56026757,37.95567334,40.76119654,35.64585614,24.58373518,17.99592981,15.06232568,0,0,25.70945969,39.07632236,38.70957133,17.8132094,14.27653387,0,0,0,26.64532336,40.87426713,38.54123429
0.688647102,0.890094171,1.304864889,1.242303942,1.270240617,1.257665415,1.326141364,1.182880167,0.855957784,0.981813915,1.240285006,1.050334165,1.055465615,1.261364004,1.308711421,1.261780438,0.97376995,0.966792987,1.286199343,1.17252472,1.203984589,1.27804601,1.31870583,1.199133191,0.964209975,0.942325095,1.302174508,1.122398978,1.156795307,1.270207741,1.335705641,1.162721268,0.778930698,0.846207373,1.218553522,1.127784671,1.047732961,1.17691837,1.348154817,1.21020293,0.875982027,0.617207898,0.575075985,0.165477209,0.041398565,0.963013906,1.112625936,1.015030203,0.777427372,0.675713219,0.578546001,0,0.088342946,0.806432501,1.059070588,1.059925154,,34.82644301,,23.98312905,30.99881392,45.44380269,43.26502744,44.23796246,43.8000129,46.18478664,41.19550872,29.80996498,34.19308636,43.19471508,36.57940294,36.75811309,43.9288216,45.57776372,43.94332452,33.91294367,33.66996086,44.79374812,40.83486534,41.93050067,44.50979653,45.92583344,41.76154374,33.58000374,32.81783122,45.35010629,39.08916404,40.28706583,44.2368175,46.51787638,40.49344598,27.12738556,29.47039285,42.43788479,39.27672857,36.48881226,40.98788054,46.9514369,42.14706337,30.50733814,21.49515569,20.02785102,5.762982589,1.441764765,33.53834892,38.74880375,35.34989152,27.07503007,23.53268791,20.14869933,0,3.076670574,28.08517554,36.88366148,36.91342297
0.756714346,0.809504884,1.194546131,1.031918145,0.963806933,1.231232195,1.31630125,1.188264051,0.935390919,1.05308557,1.31475415,1.238496603,1.225990847,1.276649466,1.307085569,1.073971814,0.848301293,0.833762761,1.124003885,0.951130246,0.98148605,1.09234188,1.15309096,1.117539124,0.844508945,0.849870046,1.191133412,0.978985397,0.962905065,1.153826367,1.265498573,1.127565827,0.840172249,0.925712179,1.230043765,1.064977893,1.026878562,1.161524392,1.290083535,1.212372571,0.983495539,0.866330863,0.889502023,0.493791544,0.404570401,1.003286635,1.184485301,0.994242928,0.722205035,0.64110164,0.67317095,0.175321316,0.191881704,1.08975825,1.310955994,1.230472028,,36.8219976,,27.86373383,29.8075869,43.98557477,37.99728746,35.48929657,45.33642893,48.46884147,43.75425603,34.44296217,38.77671433,48.41187416,45.60391894,45.14343203,47.00878357,48.12950168,39.54578756,31.23614817,30.70081038,41.38806836,35.02251564,36.14027698,40.22221008,42.45911256,41.15002294,31.09650635,31.29391279,43.85991164,36.04819794,35.45608799,42.48619172,46.59818542,41.51922618,30.93682054,34.08657163,45.29266856,39.21461342,37.81171995,42.76964837,47.50345283,44.6419799,36.21427038,31.90003296,32.75324136,18.18239105,14.89709033,36.94301807,43.61511491,36.61001071,26.59303207,23.60664305,24.78749911,6.455681077,7.065467644,40.12707567,48.27201846,45.30843806
0.918440087,1.07515363,1.42485388,1.354577161,1.361171227,1.498665622,1.595428892,1.341894033,0.720839274,0.837239044,1.402056175,1.215231087,1.300234166,1.428754595,1.515232051,1.415203674,1.103510434,1.128106415,1.355157625,1.072358117,0.973574922,1.378814416,1.492010608,1.315674496,0.843516409,0.937171732,1.408255526,1.206082982,1.270163688,1.37006683,1.453264668,1.290098838,0.778745735,0.836955575,1.350696763,1.240565708,1.097228367,1.184103963,1.312781872,1.152503529,0.670822328,0.505151682,0.48995596,0,0,0.881888531,1.159141216,0.980134972,0.186323065,0,0,0,0,0.366165873,1.002521854,0.801510702,,35.07203435,,32.21156228,37.70782504,49.97252422,47.50777672,47.73904403,52.56125217,55.9549369,47.06295362,25.28129978,29.36367651,49.17296233,42.62062643,45.60185733,50.10933023,53.14227054,49.63407187,38.70235585,39.56498694,47.52813477,37.60978071,34.14525311,48.35782656,52.32784729,46.14338112,29.58383647,32.86851918,49.39038618,42.29978377,44.5472245,48.05103092,50.96894836,45.24639076,27.31219717,29.35373468,47.37168327,43.50916312,38.48203098,41.52893486,46.04193091,40.42064336,23.52710373,17.71669714,17.18375226,0,0,30.92962485,40.65344054,34.37532741,6.534728936,0,0,0,0,12.84218208,35.1604809,28.11061087
0.309648013,0.595607316,1.102607706,0.941582726,0.964752413,1.156238166,1.297815167,1.089725743,0.556252849,0.706745893,1.208301685,1.033832996,1.030029185,1.124029529,1.211183372,1.016136058,0.573567418,0.631667088,1.182449356,0.975514695,0.919061944,1.212238378,1.306558769,1.153246004,0.691371133,0.773677014,1.250945044,1.119097613,1.122909989,1.2772532,1.344489147,1.147063325,0.851943988,0.868944974,1.290093725,1.253895491,1.247436553,1.261732963,1.323684072,1.228184054,0.907082547,0.883746938,0.973332248,0.971939902,0.868757118,1.060685384,1.163967621,1.082454603,0.8247076,0.749720099,0.81223975,0.328031152,0.562018737,1.095389055,1.244292724,1.120119772,,38.06623218,,11.78713316,22.67252638,41.97212094,35.84250666,36.72448935,44.01363048,49.40293347,41.48175315,21.1744501,26.90315326,45.99549248,39.35412686,39.20933011,42.78756903,46.10518745,38.68047111,21.8335505,24.04518603,45.01139173,37.13416887,34.98522535,46.14534755,49.73576946,43.89973015,26.31789407,29.45096885,47.61876449,42.59982957,42.74495236,48.62021686,51.17963603,43.66437885,32.43029765,33.07746113,49.10900727,47.73107689,47.48520946,48.02941992,50.38766522,46.75233936,34.52921484,33.64091613,37.05109134,36.99808997,33.07031016,40.3762961,44.30786171,41.20496824,31.39351098,28.53901936,30.91890691,12.48690999,21.39393573,41.6973341,47.36553573,42.63873931
0.990227704,1.030570783,1.277074769,1.167148634,1.164821821,1.278969265,1.408500834,1.075762133,0.805345006,0.932636073,1.19596691,1.146539032,1.1819211,1.265448041,1.306692149,1.024472256,0.719620253,0.850768298,1.257463489,1.140898347,1.172338226,1.290686341,1.392475262,1.041310259,0.664024167,0.787086216,1.250515122,1.138006064,1.168769459,1.295889852,1.378044907,1.152515192,0.67397476,0.734958187,1.263257089,1.023412778,0.972783152,1.194504675,1.30596936,1.021601573,0.634719477,0.476830156,0.716615345,0.488963993,0.291993593,0.970008322,1.208737393,1.025823955,0.671458157,0.478817485,0.586225239,0.398282238,0.506901396,1.013968533,1.278393293,1.109291887,,36.81146334,,36.45173082,37.9368186,47.01099104,42.96444915,42.87879576,47.08073021,51.84897682,39.60037832,29.64592816,34.33169861,44.02529206,42.20577954,43.50824524,46.58299417,48.10125014,37.71232289,26.49027456,31.31802601,46.28907113,41.99813768,43.15548563,47.51205293,51.25905206,38.33215442,24.44370128,28.97379539,46.03329157,41.89166851,43.02411409,47.70360178,50.72784957,42.42577074,24.80999717,27.05488636,46.50234202,37.67332196,35.80957134,43.97146505,48.07464322,37.60664885,23.36495276,17.55281581,26.3796595,17.9994801,10.74871144,35.70742578,44.49539223,37.76208091,24.71735733,17.6259723,21.57980889,14.661352,18.65978216,37.32566548,47.05952784,40.83465763
0.797911919,0.767429016,1.306840241,1.267857176,1.27462793,1.346447767,1.493164048,1.241945543,0.648536739,0.900973703,1.29091097,1.184060444,1.234033868,1.297182156,1.349633067,1.192758799,0.82950841,1.004490083,1.285675059,1.174767148,1.17986853,1.278311691,1.394125504,1.061671799,0.76551911,0.845945419,1.306188781,1.200016715,1.177912765,1.256889219,1.394643349,1.174969163,0.562488904,0.661372371,1.237691737,1.145155609,1.121567355,1.206524393,1.295546652,1.149522676,0.733912234,0.672504681,0.882354601,0.699594647,0.53269335,0.990293432,1.110628918,0.877988364,0.381071886,0.093053959,0.343564706,0.117296913,0.333676498,0.935816085,1.119770128,0.871093771,,42.43023965,,33.85559394,32.56219706,55.44954461,53.79548382,54.08276853,57.13010143,63.35530839,52.69604702,27.51756926,38.22853014,54.77366182,50.2399684,52.36035276,55.03974975,57.26525447,50.60904169,35.19624063,42.62075495,54.55150087,49.84565162,50.06210448,54.2390714,59.15307924,45.04698886,32.48115929,35.89366686,55.42190301,50.9169968,49.97912091,53.33011078,59.17505152,49.85422317,23.866539,28.0621882,52.51555701,48.58922693,47.58837166,51.19311914,54.97035492,48.77452263,31.14007197,28.53453478,37.43851718,29.68396853,22.6023065,42.01838764,47.12425115,37.25325669,16.16897145,3.948301781,14.57753281,4.976936129,14.15797378,39.70690075,47.51211488,36.96071746
0.46696023,0.558403114,1.245943446,1.203001316,1.232059106,1.3459947,1.585232769,1.168890112,0.644545012,0.670778649,1.194711921,1.147828497,1.189589825,1.265649911,1.381902204,1.14052218,0.734370565,0.718781484,1.13439059,1.02920139,1.04177813,1.277632287,1.402350963,1.183846949,0.714830443,0.714481829,1.089092348,1.060908722,1.064949869,1.220187678,1.310861191,1.073428139,0.698151483,0.579112152,1.205434245,1.171920047,1.154296497,1.22481447,1.337512467,1.137449583,0.453252217,0.27452277,0.575965906,0.640162489,0.667828147,1.102088894,1.255326471,1.128756021,0.694762077,0.464819859,0.718594748,0.595788602,0.907679071,1.241135703,1.324130034,1.233390481,,46.91644093,,21.90811205,26.19828671,58.45523209,56.44054018,57.80382827,63.14928083,74.37347957,54.84016389,30.23975798,31.47054686,56.05163127,53.85202788,55.81132076,59.37978929,64.83393313,53.50924149,34.45405323,33.72266904,53.22156911,48.28646622,48.8765221,59.94195972,65.79331612,55.54188545,33.53730025,33.52094453,51.09633681,49.77406139,49.96365762,57.24686312,61.50094163,50.36142788,32.75478281,27.16988107,56.55468455,54.98231766,54.15548342,57.46393573,62.75132465,53.36508617,21.26498087,12.87963132,27.02227041,30.0341456,31.33211981,51.70608849,58.89545022,52.95721518,32.59576395,21.80769346,33.71390805,27.95228075,42.58507152,58.2296699,62.12346852,57.86629165
0.913443981,0.875661202,1.189446427,1.172403897,1.089373159,1.176024758,1.254547922,1.092118694,0.745774181,0.71370166,1.151692114,1.152335443,1.174615697,1.256896359,1.343042689,1.166519997,0.959242755,0.885826372,1.222856844,1.2418806,1.254360048,1.293406712,1.44102229,1.081928616,0.784843846,0.735708869,1.101786423,1.125907708,1.211558732,1.237237813,1.304420166,1.155720037,0.799543405,0.784866391,1.212503799,1.205748843,1.22585715,1.241334055,1.336088471,1.141062949,0.735156403,0.350678896,0.503106149,0.642139119,0.784655744,1.036103511,1.12070699,0.992086702,0.669912578,0.255785082,0.439515338,0.395788881,0.619858153,0.924093071,1.141922619,0.936179689,,49.25239622,,44.98930488,43.12841248,58.58308671,57.74370126,53.65423846,57.92203735,61.78949133,53.78946264,36.73116545,35.15151694,56.72359632,56.75528182,57.85263771,61.90515748,66.14807066,57.45390509,47.24500424,43.62907146,60.2286298,61.16559537,61.78023809,63.70337985,70.97380079,53.28757688,38.65544007,36.23542472,54.26562146,55.45365254,59.67217071,60.93692698,64.24581885,56.92198118,39.37942858,38.65655047,59.71871753,59.38601976,60.37640206,61.13867672,65.80555876,56.20008448,36.20821444,17.27177593,24.77918339,31.62689032,38.6461756,51.03058065,55.19750472,48.86264733,32.99479972,12.59802821,21.64718357,19.49355079,30.52949935,45.51379808,56.24242528,46.10909298
0.550037488,0.584384719,1.05764485,1.060675035,1.09027959,1.133281564,1.212738055,1.032718881,0.72643941,0.739380507,1.083675734,1.07948167,1.095850312,1.214873541,1.292394508,1.037130852,0.794157137,0.838469115,1.074103218,1.089431035,1.106745649,1.174617192,1.322401549,1.035469634,0.767418697,0.793475217,1.124837037,1.115925932,1.138639506,1.209479709,1.402401526,1.066443155,0.861264724,0.848674842,1.097975544,1.075590111,1.069819428,1.122222156,1.196300196,1.017842259,0.823228461,0.649877233,0.829722082,0.97242793,0.991660123,1.035192764,1.041676131,0.990139903,0.895986242,0.757594948,0.869816923,0.842381182,0.867637856,1.033654599,1.082252931,0.982059408,,50.56919144,,27.81495103,29.55186273,53.4842449,53.6374789,55.13455731,57.30913237,61.32718287,52.2237588,36.73545359,37.38987441,54.80060565,54.58851523,55.41626422,61.43517267,65.35534529,52.4468686,40.15988429,42.40070519,54.31653126,55.09164657,55.9672326,59.39944165,66.87277709,52.36286215,38.807743,40.12540015,56.88209946,56.43147209,57.58007916,61.16241095,70.91831124,53.92916807,43.55346071,42.91680056,55.52373548,54.39172223,54.09990346,56.74986704,60.49593363,51.47146005,41.62999764,32.86376621,41.95837481,49.17489415,50.1474506,52.34886106,52.67671969,50.07057431,45.3092998,38.31096396,43.9859385,42.59853526,43.87574484,52.2710773,54.72865565,49.66195021
0.725248149,0.691713818,1.104200845,1.123997394,1.170793861,1.28885587,1.360391028,1.074954961,0.948338951,0.955867896,1.145531196,1.133922376,1.174988196,1.225483004,1.353836267,1.061301116,0.864894831,0.85250005,1.073754399,1.083010424,1.089621143,1.132467458,1.183318364,1.022865339,0.839433768,0.797905019,1.067525214,1.083478439,1.128166293,1.160721353,1.246815865,1.026533157,0.822310504,0.802038309,1.099273964,1.124834226,1.127512598,1.157730123,1.171811286,1.006250787,0.834964728,0.656055612,0.746120625,0.767229652,0.803386397,1.017086365,1.047774449,0.93483772,0.76150918,0.495420468,0.704418914,0.796203376,0.86676435,0.99967059,1.064277084,1.000082648,,45.52496508,,33.01689666,31.49024741,50.26870491,51.16994211,53.30034964,58.67511847,61.93175404,48.93728706,43.17309763,43.51585259,52.1502677,51.62177657,53.49129659,55.79007096,61.63334878,48.31569625,39.37430698,38.81003501,48.88263152,49.30401173,49.60496449,51.55554148,53.8705272,46.56590884,38.21519298,36.32459813,48.59904809,49.3253181,51.35973109,52.84179906,56.76124872,46.73288613,37.43565698,36.51276601,50.04440882,51.20803886,51.32997165,52.70562342,53.34666788,45.80953194,38.01174009,29.86690883,33.9671154,34.92810312,36.57413767,46.30282125,47.6998952,42.55845456,34.66767883,22.55399951,32.06864646,36.24713089,39.45941677,45.5099687,48.45117708,45.52872763
0.774725378,0.782712054,1.112122305,1.132305575,1.192388159,1.301894692,1.504077819,1.0421963,0.873665746,0.874030768,1.09382498,1.10573199,1.133249765,1.228009418,1.330407759,1.01392658,0.847187067,0.807971561,1.106058076,1.123571821,1.142747631,1.216340888,1.207305383,0.991611582,0.775686602,0.788798184,1.052957142,1.069869817,1.087573373,1.155951686,1.259734677,1.007212613,0.796697255,0.777076118,1.090656591,1.11617648,1.120298792,1.153532808,1.208310409,0.972430905,0.801491208,0.727951487,0.83477876,0.90037804,0.948344335,1.030878191,1.057658622,0.945669942,0.638063659,0.557072627,0.745450631,0.786936573,0.848102055,0.911934629,1.021268385,0.872994106,,48.0481019,,37.22408391,37.60782853,53.43536584,54.40513365,57.29198777,62.55356882,72.26808431,50.07555402,41.97798079,41.9955194,52.5562141,53.12832333,54.45050019,59.00352165,63.92356757,48.71724763,40.70573052,38.8214999,53.14399114,53.98549335,54.90685462,58.44287093,58.00873207,47.64505434,37.2702689,37.90025552,50.59259206,51.40521399,52.25583625,55.5412844,60.52786013,48.39465426,38.27979089,37.3370325,52.40397902,53.63016125,53.82823052,55.4250619,58.05702166,46.72345921,38.51013123,34.97668723,40.10953492,43.26145581,45.56614524,49.53174037,50.81848925,45.43764574,30.65774771,26.76628235,35.81748788,37.81080865,40.74969396,43.81672798,49.07000743,41.94570976
0.647957278,0.646651752,1.04136009,1.065168277,1.092605249,1.134986438,1.182270543,0.979369851,0.751501959,0.716702763,1.117266345,1.155553048,1.225237779,1.249891025,1.384566873,1.034272576,0.633737773,0.648258151,1.093275018,1.156201887,1.215209561,1.185420549,1.634746437,1.049368536,0.771145021,0.724690278,1.055297036,1.082100868,1.121504725,1.172132441,1.382690997,1.038657468,0.772254326,0.804157296,1.107863419,1.169584181,1.201717384,1.190828409,1.330119381,1.021413539,0.813916036,0.692881495,0.849086745,0.886855424,0.927326725,1.021280108,1.030049893,0.925819745,0.656711365,0.578620513,0.792263668,0.854528616,0.873038827,1.014556258,1.134000099,0.961327955,,32.15,,20.83182649,20.78985383,33.47972689,34.24516011,35.12725876,36.48981398,38.00999796,31.48674071,24.16078798,23.04199383,35.92011299,37.15103049,39.39139459,40.18399645,44.51382497,33.25186332,20.3746694,20.84149955,35.14879183,37.17189067,39.06898739,38.11127065,52.55709795,33.73719843,24.79231243,23.29879244,33.92779971,34.78954291,36.05637691,37.68405798,44.45351555,33.3928376,24.82797658,25.85365707,35.61780892,37.60213142,38.6352139,38.28513335,42.7633381,32.83844528,26.16740056,22.27614006,27.29813885,28.51240188,29.81355421,32.83415547,33.11610406,29.7651048,21.11327038,18.60264949,25.47127693,27.473095,28.06819829,32.61798369,36.45810318,30.90669375
0.635400447,0.686213048,1.089582588,1.144678803,1.180083037,1.297357286,1.626400542,0.983428231,0.814354352,0.825872944,1.104866968,1.103738934,1.13557187,1.294478853,1.51885316,0.975276724,0.760459105,0.726912237,1.096589043,1.095067169,1.178690012,1.283893806,1.625148521,0.953452662,0.640928059,0.648287754,1.05695468,1.108100343,1.182584648,1.23390292,1.372096858,0.952978596,0.707757533,0.704198389,1.006523763,1.051630552,1.093063936,1.115315873,1.22846453,0.93112536,0.808932979,0.724284209,0.805745796,0.83860466,0.880755221,0.961696551,0.980391776,0.876680683,0.78369321,0.709038727,0.82224573,0.839246473,0.876546972,0.95013663,1.069268245,0.902448003,,25.97,,16.50134961,17.82095286,28.29645981,29.72730851,30.64675647,33.69236872,42.23762208,25.53963116,21.14878252,21.44792036,28.69339516,28.66410012,29.49080146,33.61761581,39.44461657,25.32793652,19.74912296,18.87791079,28.47841745,28.43889438,30.61057961,33.34272214,42.20510709,24.76116563,16.64490169,16.83603297,27.44911304,28.77736591,30.71172331,32.04445883,35.6333554,24.74885414,18.38046313,18.28803216,26.13942213,27.31084544,28.38687042,28.96475322,31.90322384,24.1813256,21.00798946,18.80966091,20.92521832,21.77856302,22.87321309,24.97525943,25.46077442,22.76739734,20.35251266,18.41373574,21.35372161,21.7952309,22.76392486,24.67504828,27.76889632,23.43657464
0.690312538,0.716717103,1.130093211,1.190843247,1.297222101,1.541027036,1.897972459,1.009777064,0.762918112,0.768947062,1.039198429,1.076251345,1.126636799,1.236146427,1.367259789,0.956867918,0.719587366,0.743089103,1.036188606,1.017941266,1.091865672,1.261255418,1.670979732,0.974750079,0.787789854,0.758366163,1.073083356,1.110380501,1.256091735,1.335607806,1.861675487,1.03758187,0.718591845,0.729542576,1.054270802,1.079614717,1.047909237,1.095836126,1.416717176,0.947266258,0.732771041,0.631211624,0.753567659,0.78855045,0.829190033,0.94412618,0.962806154,0.845788251,0.696371725,0.584115111,0.676482241,0.712651284,0.732150003,0.815438819,0.867368726,0.793237307,,41.82,,28.86887034,29.97310925,47.26049808,49.80106459,54.24982826,64.44575065,79.37320824,42.22887682,31.90523544,32.15736613,43.4592783,45.00883125,47.11595093,51.69564358,57.17880438,40.01621633,30.09314365,31.07598629,43.3334075,42.57030374,45.6618224,52.74570158,69.88037239,40.7640483,32.94537169,31.71487294,44.87634595,46.43611255,52.52975636,55.85511845,77.85526887,43.3916738,30.05151096,30.50947053,44.08960494,45.14948746,43.82356429,45.82786679,59.2471123,39.61467491,30.64448493,26.39727012,31.5141995,32.97717982,34.67672718,39.48335685,40.26455336,35.37086466,29.12226554,24.42769394,28.29048732,29.8030767,30.61851313,34.10165141,36.27336012,33.17318418
0.772338347,0.668270881,0.981654525,1.051649495,1.07311747,1.125947379,1.125308794,1.060532134,0.813758684,0.748614769,0.946014344,0.981533934,1.047025919,1.091918735,1.155623777,1.074948264,0.871297132,0.64948058,1.008551844,1.074306938,1.111462731,1.132209899,1.221921531,1.073569687,0.758226436,0.71785305,1.067249612,1.117286738,1.164898337,1.27328242,1.472035905,1.133591217,0.932327242,0.823296352,1.068661077,1.117308664,1.166381061,1.227441319,1.324777604,1.100146343,0.907142866,0.770063559,0.799156186,0.868364573,0.951202506,1.084951852,1.103583193,0.986143807,0.789240301,0.641507857,0.803387841,0.866824294,0.952150791,1.047965982,1.112739902,0.989753321,,19.26,,14.87523656,12.87089717,18.90666615,20.25476927,20.66824247,21.68574652,21.67344737,20.4258489,15.67299225,14.41832045,18.22023627,18.90434357,20.1657192,21.03035484,22.25731395,20.70350356,16.78118276,12.50899597,19.42470852,20.69115163,21.4067722,21.80636265,23.53420869,20.67695217,14.60344116,13.82584974,20.55522753,21.51894257,22.43594197,24.52341941,28.35141153,21.83296684,17.95662268,15.85668774,20.58241234,21.51936487,22.46449923,23.6405198,25.51521665,21.18881857,17.4715716,14.83142415,15.39174814,16.72470168,18.32016027,20.89617267,21.2550123,18.99312972,15.2007682,12.35544133,15.47324982,16.6950359,18.33842423,20.18382481,21.43137051,19.06264896
